id_img,label
10052,angry
10065,angry
10079,angry
10095,angry
10121,neutral
10148,angry
10163,angry
10215,sad
1024,angry
10286,angry
10315,angry
10336,happy
10338,angry
10371,angry
10382,neutral
10399,fear
10415,neutral
10426,angry
10551,neutral
10554,angry
10583,neutral
10699,angry
10702,neutral
1071,fear
10743,angry
10746,angry
10818,neutral
10823,fear
10825,angry
10839,happy
10854,disgust
10970,angry
11002,angry
11017,angry
11024,angry
11028,fear
1106,fear
11075,angry
11093,happy
11096,sad
11158,fear
11169,angry
11186,angry
11188,angry
11200,sad
1124,angry
11266,angry
1127,neutral
11337,angry
11342,angry
11400,angry
11421,surprise
11467,angry
11561,fear
11610,fear
11613,angry
11632,angry
11642,neutral
11675,sad
11694,angry
1177,angry
11813,angry
11841,angry
11849,angry
11883,angry
11949,angry
11964,angry
11986,angry
12136,sad
12144,happy
1215,neutral
12171,neutral
12183,angry
12230,angry
12237,sad
12307,angry
1235,fear
12352,surprise
12489,sad
12680,angry
12695,fear
12733,angry
12808,angry
12810,angry
12841,angry
12842,angry
12851,angry
12928,neutral
12945,sad
13029,angry
13041,fear
13057,sad
13059,neutral
13092,sad
13118,angry
13167,angry
13220,angry
13267,neutral
13279,angry
13334,sad
13351,angry
13376,neutral
13395,angry
1340,angry
13431,neutral
1350,angry
13514,neutral
13533,surprise
13535,angry
1358,sad
13582,fear
13599,neutral
13607,angry
13671,sad
13672,angry
13738,angry
13758,neutral
1386,sad
13890,fear
13978,fear
14022,surprise
14030,fear
14058,angry
14108,angry
14118,fear
14120,sad
14148,angry
14185,sad
14206,fear
1422,fear
14243,angry
14315,fear
14329,angry
14357,neutral
14376,angry
1438,neutral
14381,sad
14421,angry
14438,sad
14498,sad
14557,neutral
1460,sad
14706,angry
1477,surprise
14775,angry
14821,sad
14831,fear
14870,neutral
14945,angry
15074,angry
1508,angry
15138,angry
15172,neutral
15190,neutral
15194,angry
15217,sad
15222,angry
15295,sad
15474,happy
15500,disgust
15502,happy
1555,fear
15562,angry
15637,happy
15644,neutral
15654,fear
15699,neutral
157,disgust
15709,happy
15712,sad
15715,surprise
15725,fear
1575,sad
15771,happy
1582,angry
15820,sad
15821,angry
15835,angry
1584,neutral
15848,sad
15897,angry
15919,angry
15941,sad
15954,sad
15979,angry
16033,angry
16102,happy
16169,disgust
16222,fear
16233,sad
16287,surprise
16292,angry
16380,angry
16406,neutral
16410,happy
16413,neutral
16428,fear
16506,fear
16510,angry
16557,sad
16565,sad
16643,sad
16659,sad
16681,sad
16711,happy
1672,sad
16764,angry
16768,angry
16783,happy
16792,angry
16875,fear
16999,neutral
17024,happy
17053,neutral
17085,angry
17099,happy
17167,disgust
1717,angry
17170,neutral
17186,angry
17209,fear
17211,fear
17228,happy
17259,angry
17316,angry
17344,angry
1736,fear
17371,angry
17413,sad
17428,fear
17445,fear
17452,sad
17502,angry
17536,angry
17647,angry
17700,angry
17705,angry
17731,angry
17735,angry
17736,angry
17752,sad
17787,angry
17910,angry
17939,angry
18001,sad
18050,angry
18140,sad
18142,surprise
18161,surprise
18166,sad
18183,angry
18200,angry
18247,neutral
1825,fear
18254,neutral
18284,angry
18376,angry
18380,fear
1841,angry
18415,angry
18445,angry
18459,sad
18466,angry
18492,angry
18534,fear
18565,angry
18566,angry
18588,angry
18593,angry
18602,happy
18617,fear
18633,angry
18695,angry
18715,angry
18779,angry
1880,angry
18810,angry
18837,angry
18882,angry
18903,sad
18949,neutral
18983,angry
1899,sad
18994,angry
19014,happy
19060,sad
19067,angry
1908,angry
19093,happy
19108,fear
19114,neutral
19115,angry
19140,fear
19152,sad
19268,angry
19292,neutral
19309,neutral
19392,sad
19476,happy
19477,fear
19485,happy
1966,happy
19664,sad
19732,fear
19811,sad
1983,disgust
19832,angry
19877,sad
19906,sad
19923,happy
1994,sad
19950,neutral
19961,happy
2006,angry
20222,angry
20227,neutral
20287,fear
20290,angry
20298,surprise
20303,angry
20312,surprise
20328,sad
20353,angry
20374,angry
20451,fear
2050,angry
20505,sad
20532,angry
2055,surprise
20629,sad
20630,happy
20635,angry
20640,angry
20653,angry
20673,angry
20686,fear
20736,angry
20739,angry
20796,neutral
20817,happy
20849,happy
21068,sad
21099,neutral
21111,angry
21131,fear
21135,angry
21161,angry
2117,surprise
21173,angry
21284,angry
21371,angry
21374,angry
2142,angry
21447,surprise
21472,angry
21511,angry
21512,sad
21520,angry
21541,neutral
21573,fear
21670,neutral
21703,sad
21723,happy
21782,angry
21836,neutral
21865,angry
21916,neutral
21921,happy
21922,neutral
2194,angry
22089,fear
22183,neutral
22184,happy
22198,angry
2225,sad
22309,happy
22334,fear
22375,happy
22516,happy
22695,sad
22733,angry
22739,angry
22789,fear
22807,sad
22810,angry
22832,happy
2290,angry
22990,angry
23,happy
23008,sad
23041,sad
23059,angry
23085,neutral
23164,angry
23194,angry
23215,neutral
23230,neutral
23246,angry
23327,happy
23404,fear
23468,angry
23473,angry
23488,angry
23521,neutral
23532,angry
23749,neutral
23780,angry
23783,angry
23814,angry
23847,angry
23886,angry
24067,angry
2407,neutral
24071,angry
24176,angry
24184,angry
24252,sad
24378,sad
24412,sad
24428,angry
24435,fear
24437,sad
24441,happy
24466,angry
24490,fear
245,angry
24501,sad
24542,sad
24660,neutral
24678,angry
24711,angry
24789,neutral
24797,angry
24819,angry
24821,neutral
2484,angry
2486,sad
2487,angry
24886,fear
249,fear
24959,surprise
24967,angry
2498,angry
24992,fear
25082,sad
25088,angry
251,disgust
25101,angry
2511,angry
25131,fear
25144,angry
25209,angry
25255,neutral
25343,happy
25360,neutral
25435,angry
25528,angry
25542,happy
2557,angry
2558,fear
25612,happy
25681,neutral
25688,sad
25778,happy
25795,happy
2581,fear
25811,angry
25813,angry
25844,angry
25874,happy
25876,angry
25886,angry
25891,sad
259,angry
25944,angry
25973,happy
26025,angry
26038,angry
26059,angry
26121,neutral
26124,sad
26137,happy
26163,happy
26175,sad
26177,angry
26181,angry
26185,angry
26248,happy
26264,angry
26267,sad
26337,angry
26344,angry
26437,angry
26446,angry
26462,neutral
26572,angry
26597,happy
26618,fear
26620,neutral
2668,happy
26725,surprise
26789,fear
26845,neutral
26860,sad
26886,neutral
26899,sad
26900,angry
26919,angry
26928,angry
26956,angry
27016,angry
27022,fear
27054,angry
2709,neutral
2712,angry
27284,neutral
27296,angry
27385,angry
27413,angry
27464,angry
27483,fear
27544,angry
2762,happy
27652,surprise
2770,angry
27704,fear
27715,happy
27726,fear
27744,sad
27770,neutral
27777,happy
27798,neutral
27828,disgust
2791,angry
27967,angry
27982,angry
28015,neutral
28058,angry
28062,neutral
28120,neutral
28144,neutral
28148,angry
28149,angry
28207,angry
28248,angry
28288,angry
28300,angry
28401,angry
28438,fear
28498,neutral
28509,angry
28543,sad
28547,angry
28560,angry
28585,angry
28614,angry
28618,neutral
28620,sad
28660,angry
28707,neutral
28720,angry
28731,sad
28737,surprise
28743,angry
28749,angry
28800,happy
28840,fear
28867,angry
28884,neutral
2890,fear
28932,angry
28952,angry
29085,angry
29119,happy
29132,happy
29202,happy
29266,angry
29319,sad
2933,surprise
29414,fear
29471,neutral
29477,neutral
29493,angry
29523,angry
29527,sad
29554,angry
29571,angry
29581,angry
29588,angry
29614,happy
29669,angry
29685,sad
29730,neutral
298,sad
29818,surprise
29866,happy
29929,neutral
29931,angry
29947,angry
29977,sad
29980,sad
30002,angry
30004,angry
30015,happy
30024,angry
30058,fear
30059,neutral
30082,neutral
30085,angry
30171,angry
3021,happy
30260,sad
30273,sad
30290,neutral
30305,angry
30320,sad
30325,happy
30394,angry
30415,angry
30420,fear
30456,sad
30458,neutral
30460,angry
30490,neutral
30509,happy
30535,angry
30563,neutral
30584,surprise
30619,angry
30901,neutral
30933,sad
30944,happy
3099,angry
31033,sad
31042,angry
31081,neutral
31083,neutral
31138,fear
31142,surprise
31203,neutral
3121,angry
3137,angry
31491,angry
31529,sad
31544,sad
31609,angry
31635,neutral
31693,sad
31703,angry
3176,sad
31849,angry
3186,angry
31873,angry
3188,neutral
31928,angry
32023,angry
32024,angry
32153,happy
32161,angry
32223,disgust
32231,angry
3226,angry
32278,disgust
32281,angry
32298,angry
32336,fear
32352,sad
32367,fear
32454,neutral
32464,fear
32473,angry
3248,fear
32481,angry
32506,sad
32512,angry
32575,neutral
32584,angry
32617,sad
32662,angry
32755,sad
32777,angry
33015,sad
3303,fear
33105,fear
33131,angry
33221,sad
3327,sad
33301,happy
33308,fear
3334,angry
33352,angry
33444,angry
33450,fear
33459,angry
33494,angry
33560,neutral
33573,neutral
33633,angry
33666,sad
3370,angry
33729,angry
3377,angry
338,neutral
33809,angry
33829,sad
33890,angry
33924,happy
33926,happy
3393,sad
33935,angry
33977,happy
33987,sad
33998,angry
34036,angry
34040,angry
3412,fear
34138,angry
34151,neutral
34175,neutral
34178,angry
34184,angry
34238,angry
34259,happy
34352,neutral
34359,angry
34363,neutral
34448,sad
34474,angry
3449,angry
34507,angry
34581,angry
34592,angry
34596,sad
34620,angry
3467,angry
34714,sad
34778,angry
34879,fear
35009,sad
35010,fear
35028,sad
35041,angry
35059,sad
35145,angry
35149,neutral
35162,angry
35210,angry
3522,fear
35261,angry
35298,angry
35407,angry
35425,angry
35439,surprise
35447,angry
35514,happy
3558,angry
3564,angry
35669,neutral
35681,angry
35682,happy
35731,sad
35753,sad
35805,angry
35809,fear
35820,angry
35828,happy
35881,angry
35884,neutral
3599,neutral
3632,angry
377,sad
38,angry
3802,angry
3819,fear
3839,sad
3862,neutral
3870,fear
3913,angry
4015,angry
404,sad
4060,neutral
4077,angry
4100,sad
4196,neutral
4229,neutral
4306,angry
4317,fear
4324,neutral
4349,angry
4384,angry
4396,happy
4397,sad
4459,fear
4468,angry
4502,angry
4579,angry
4616,angry
4637,neutral
4660,sad
4665,angry
4670,angry
4700,neutral
4751,fear
4807,angry
4878,angry
4937,sad
5010,sad
5060,angry
5064,angry
521,happy
5220,angry
5233,angry
5244,angry
5259,angry
5312,angry
5317,sad
5400,angry
5422,angry
5432,angry
5434,neutral
5459,angry
5519,angry
5564,angry
5570,angry
5582,sad
5607,sad
5610,neutral
5637,angry
5732,angry
5739,fear
5780,angry
5810,angry
5822,angry
5859,neutral
5883,happy
5888,sad
589,angry
5902,fear
5962,angry
6009,surprise
6017,disgust
6075,angry
608,sad
6088,angry
6119,sad
6129,angry
6155,angry
6225,fear
6232,fear
624,fear
6274,angry
6278,angry
6283,angry
6321,sad
633,happy
6347,angry
6364,happy
6365,neutral
6375,angry
6390,fear
6420,angry
6426,sad
6471,angry
6484,angry
65,neutral
654,neutral
6547,angry
6555,happy
6561,angry
6566,angry
6580,happy
6581,angry
6584,surprise
6618,angry
6621,sad
665,sad
6652,angry
6726,neutral
6739,fear
6745,neutral
676,neutral
6766,angry
6809,fear
6890,angry
6923,angry
6955,angry
6965,angry
7015,angry
7056,angry
7103,neutral
7136,happy
7174,happy
7219,neutral
7257,angry
7261,fear
727,neutral
7284,happy
7291,happy
7409,angry
7492,angry
7550,sad
7559,angry
7589,happy
764,sad
7655,angry
7668,angry
7729,angry
7777,angry
7793,fear
7811,angry
7886,neutral
7919,neutral
7937,neutral
7979,angry
8000,angry
8001,angry
8052,angry
8096,angry
8103,sad
8130,angry
8151,happy
816,sad
8267,neutral
8275,angry
8299,angry
8402,sad
842,fear
854,angry
8555,angry
8581,sad
8593,neutral
861,angry
8661,neutral
8685,angry
8719,fear
8734,happy
8902,angry
8916,neutral
8969,neutral
9012,neutral
9059,sad
9100,angry
9156,angry
9266,angry
9293,angry
9331,angry
9400,angry
9567,fear
9615,angry
966,angry
9691,sad
9698,sad
9715,angry
9748,angry
9785,angry
9802,neutral
9811,neutral
9862,sad
9884,neutral
9931,angry
10053,disgust
10435,disgust
10532,fear
1115,disgust
11222,disgust
11529,disgust
11639,disgust
12417,disgust
12753,disgust
13372,angry
13597,angry
13652,happy
13847,surprise
14041,fear
14869,fear
14954,angry
14958,disgust
15110,disgust
16021,disgust
16054,disgust
16121,disgust
16264,disgust
16718,disgust
17260,angry
18077,neutral
1843,fear
18464,disgust
18716,angry
19649,angry
19734,disgust
19770,disgust
19801,disgust
19831,disgust
20761,disgust
21744,neutral
21765,disgust
21851,disgust
22320,disgust
2275,disgust
23141,disgust
23153,fear
23665,disgust
23876,fear
24578,angry
25267,angry
25538,disgust
25541,neutral
26859,happy
2732,sad
2742,disgust
28332,disgust
28390,surprise
28710,disgust
28987,angry
29158,disgust
29269,disgust
30347,sad
30428,disgust
30499,disgust
30601,angry
30719,disgust
30761,disgust
30907,happy
3101,disgust
31232,angry
31323,neutral
31796,angry
31828,disgust
32487,fear
32681,disgust
33209,angry
33284,disgust
33561,disgust
33670,disgust
33995,disgust
34022,sad
34432,disgust
34505,angry
34519,happy
3521,surprise
35376,disgust
35580,disgust
3690,surprise
3778,disgust
4002,sad
4004,disgust
4265,fear
4312,angry
4481,disgust
4737,sad
5085,angry
533,disgust
573,disgust
6231,disgust
6926,disgust
7068,disgust
7192,disgust
7405,surprise
7455,disgust
7592,disgust
7835,disgust
807,angry
8415,happy
8585,disgust
8726,fear
8893,disgust
8948,angry
9043,surprise
9297,disgust
9460,disgust
9504,sad
10029,surprise
10043,sad
10044,happy
1008,fear
10099,sad
101,surprise
10189,fear
10263,neutral
10267,fear
10278,angry
10292,angry
10355,fear
10409,happy
10437,fear
10443,sad
10445,neutral
10458,angry
10489,fear
10493,angry
10534,fear
1075,fear
10758,fear
1079,sad
10797,happy
10832,neutral
10933,fear
10944,happy
10968,angry
10979,surprise
11030,fear
11036,happy
11039,neutral
11054,surprise
11057,neutral
11104,fear
11112,angry
11137,surprise
11143,happy
11146,sad
1116,angry
1128,fear
1133,happy
11353,fear
11360,happy
1137,neutral
11381,happy
11412,fear
11416,sad
11471,angry
11536,fear
1154,sad
11559,surprise
11587,sad
11653,fear
11682,fear
11687,happy
1169,neutral
11704,fear
11706,sad
11727,angry
11729,sad
11747,fear
11754,neutral
11774,fear
11816,sad
11855,angry
11904,fear
1193,surprise
11944,fear
11968,fear
11999,fear
12063,neutral
12125,fear
12255,happy
12259,happy
12313,surprise
12334,happy
12350,surprise
12383,happy
12431,neutral
12440,neutral
12472,neutral
12496,fear
12527,fear
12578,angry
12592,happy
12634,angry
12674,angry
12676,angry
12698,surprise
12712,angry
12737,surprise
12809,neutral
12891,sad
12948,angry
12986,sad
12988,sad
13067,neutral
13071,neutral
131,sad
13114,sad
13121,angry
13152,fear
13179,fear
13233,fear
1325,neutral
13250,angry
13252,neutral
13301,fear
13306,angry
13308,neutral
13310,angry
13362,sad
13394,sad
13405,fear
1343,angry
13482,fear
13486,sad
13518,angry
13549,surprise
13561,fear
13585,angry
13587,fear
13593,sad
13596,fear
13638,sad
13664,surprise
1367,fear
13683,neutral
13694,surprise
13798,surprise
13855,fear
1389,happy
13899,fear
13913,fear
13921,sad
13928,fear
13933,fear
13939,fear
13965,neutral
13971,fear
1401,neutral
14011,fear
14033,fear
14037,happy
14044,angry
14057,fear
14082,fear
1410,surprise
14114,angry
14117,fear
14268,fear
1429,fear
14306,sad
1441,sad
14444,neutral
14452,fear
14509,fear
14529,angry
14551,surprise
14605,fear
14620,fear
14637,fear
1465,angry
14722,angry
1474,fear
14744,sad
14747,fear
14786,fear
14789,fear
148,angry
1485,fear
14891,fear
14987,fear
15001,happy
15012,angry
15040,fear
1506,sad
15088,fear
15134,fear
15191,sad
15198,angry
15260,fear
15268,sad
15279,fear
15280,fear
1534,happy
15503,fear
15539,neutral
15544,sad
15578,happy
15615,happy
15622,fear
15663,neutral
15668,happy
15678,angry
1576,happy
15778,fear
15859,angry
15870,sad
15881,fear
15921,fear
15950,neutral
15984,fear
1599,neutral
15999,happy
16039,fear
1606,sad
16071,fear
16113,sad
16134,fear
16226,fear
16277,fear
16318,fear
16330,fear
16346,fear
16374,fear
16395,fear
16429,fear
16440,surprise
16450,surprise
16486,fear
16489,fear
16501,fear
16503,sad
16523,neutral
16539,sad
1654,fear
16559,neutral
1657,neutral
1660,surprise
16609,sad
16632,fear
16674,fear
16775,fear
16788,fear
16802,sad
16811,neutral
16830,fear
16915,fear
16930,sad
16954,neutral
16977,angry
16990,sad
17105,sad
17107,fear
17114,fear
17180,fear
17191,fear
17213,happy
17217,sad
1722,angry
17236,fear
1727,fear
17314,sad
17334,neutral
17369,fear
17449,angry
17479,fear
17503,sad
17550,sad
17558,fear
1756,fear
17587,fear
17631,angry
17668,fear
17685,surprise
17707,neutral
17710,fear
17762,angry
17816,angry
17831,angry
17834,neutral
17901,angry
17930,fear
17932,angry
17934,fear
1796,fear
1799,neutral
18006,happy
18010,sad
18068,neutral
18073,fear
18104,angry
18106,angry
18108,surprise
18117,fear
18148,neutral
18203,happy
18291,happy
18299,happy
18309,surprise
18317,fear
18325,fear
18336,sad
18364,neutral
1838,fear
18404,fear
18513,angry
18517,happy
18523,sad
18527,sad
18542,fear
18569,angry
1857,fear
18574,fear
18641,happy
18713,sad
1873,surprise
18753,sad
18757,sad
18763,fear
18905,surprise
18908,sad
18911,surprise
18960,sad
18974,angry
18976,sad
18984,happy
19000,sad
19020,disgust
19064,neutral
19089,fear
19119,sad
19188,sad
19216,happy
19226,neutral
19235,fear
19252,sad
1929,angry
19349,angry
1939,neutral
19454,neutral
19473,angry
19497,fear
19559,angry
19599,fear
19612,happy
19644,neutral
19682,fear
19740,surprise
19754,angry
19810,sad
19841,fear
1986,sad
19888,surprise
19896,neutral
19897,fear
19995,fear
200,fear
20037,surprise
20058,sad
20062,sad
20083,fear
20135,angry
20194,fear
20214,sad
20265,happy
20337,neutral
20411,sad
20424,angry
20450,fear
20461,fear
2047,sad
20476,angry
20495,fear
20508,surprise
20526,happy
20579,sad
20598,happy
20617,neutral
20715,sad
20831,sad
20843,fear
20851,sad
20897,angry
20970,neutral
2098,sad
21,fear
21070,fear
21101,neutral
21102,fear
21227,fear
21230,angry
21250,happy
21269,happy
21280,sad
21352,sad
21360,sad
21387,fear
21420,sad
21464,fear
21499,neutral
21500,fear
21556,sad
21559,fear
21598,fear
21615,sad
21654,neutral
21686,fear
21697,happy
2178,surprise
21833,fear
21858,fear
21877,fear
21946,angry
21967,fear
22050,surprise
22074,surprise
22102,angry
22130,fear
22166,surprise
2226,fear
22326,surprise
22349,happy
224,surprise
22458,happy
22485,sad
22520,surprise
22607,neutral
22640,sad
22662,angry
22756,happy
22791,angry
22827,fear
22839,fear
22840,fear
22917,sad
22944,happy
22988,sad
22997,happy
23038,fear
23083,angry
23100,fear
23126,fear
23142,happy
23184,fear
23192,fear
23209,fear
23260,fear
23305,happy
23332,surprise
23362,neutral
23368,fear
23389,fear
23403,surprise
23427,neutral
23447,fear
23463,fear
23477,fear
23517,happy
23540,surprise
23561,fear
23566,fear
2357,angry
23718,fear
23731,sad
23767,sad
23778,sad
2378,fear
23791,fear
2391,fear
24016,sad
24035,fear
24088,fear
24089,fear
24131,neutral
2416,sad
24165,sad
24185,angry
24213,fear
24220,sad
2426,happy
24452,angry
24479,angry
24482,fear
24539,neutral
24554,angry
24562,surprise
24579,happy
24621,fear
24625,fear
24694,fear
24721,fear
24753,sad
24763,neutral
24778,happy
24822,angry
24880,sad
24948,fear
24963,sad
24978,sad
24991,happy
25045,angry
25046,fear
25061,fear
25074,angry
25108,surprise
25109,sad
25133,sad
25162,sad
25191,fear
25202,neutral
25220,sad
25242,fear
25247,sad
25298,angry
25306,neutral
25327,fear
25359,angry
25439,neutral
25481,neutral
25496,neutral
25555,fear
25570,surprise
25577,sad
25590,fear
25605,sad
25621,fear
25638,sad
25647,happy
25710,fear
258,sad
25820,fear
25914,fear
2592,fear
2593,sad
26082,fear
26091,sad
26097,sad
26131,neutral
26210,sad
26250,surprise
26275,happy
26283,sad
26363,fear
26377,fear
26385,happy
26394,happy
264,sad
26402,fear
26409,surprise
2641,fear
26454,fear
26469,surprise
2651,sad
2657,neutral
26582,fear
26726,sad
2681,fear
26842,neutral
26895,fear
26916,fear
26927,fear
26973,fear
26980,angry
270,fear
27006,angry
27077,fear
27094,fear
27098,fear
27103,angry
27145,sad
27300,sad
27308,sad
27359,angry
27363,fear
27369,sad
27488,angry
27503,fear
27509,angry
27591,sad
27635,neutral
27709,sad
27764,angry
27772,sad
27806,sad
27846,fear
27868,fear
27889,fear
2789,neutral
27899,fear
27910,fear
27937,fear
28050,fear
28101,happy
28189,fear
28210,fear
28243,fear
28267,fear
28308,sad
28331,sad
28417,angry
28453,fear
28503,fear
28515,fear
28548,fear
2858,sad
2860,neutral
28627,fear
28701,fear
28704,fear
28724,sad
28729,angry
28734,sad
28859,happy
29005,angry
29026,fear
29027,fear
29043,fear
2906,disgust
29068,angry
29126,angry
29152,fear
29219,fear
2927,fear
29284,fear
29285,sad
29291,fear
29315,angry
29327,sad
29349,surprise
29389,neutral
29478,angry
29528,fear
29536,fear
29603,angry
29629,neutral
29674,fear
297,angry
29701,fear
29709,surprise
29713,fear
29720,fear
29731,fear
29733,fear
29735,neutral
29738,neutral
29795,happy
29869,fear
2987,happy
29871,fear
2988,surprise
29892,neutral
29912,neutral
29924,angry
29990,angry
3000,fear
30062,happy
30074,fear
30196,fear
30206,neutral
30237,angry
30253,sad
30316,surprise
30333,neutral
3036,sad
30482,fear
30564,neutral
3057,neutral
30594,sad
30638,sad
30735,angry
30774,fear
30798,sad
3087,angry
30936,sad
31007,neutral
31105,angry
31107,happy
31116,fear
3112,sad
31130,neutral
31157,fear
31159,surprise
31188,fear
3124,fear
31286,fear
31330,sad
31341,fear
31357,fear
31375,angry
31395,fear
31398,fear
314,surprise
31421,fear
31461,sad
31526,sad
31535,angry
31569,fear
31625,fear
31638,sad
31655,sad
3170,surprise
31738,sad
31782,fear
31821,angry
31855,fear
31860,fear
31866,happy
31903,fear
31916,fear
31940,happy
31954,sad
31973,angry
31979,neutral
32076,fear
32097,sad
32103,angry
32180,angry
32279,fear
32323,surprise
32349,fear
32351,angry
32438,neutral
32461,neutral
32463,fear
32485,fear
32507,sad
32551,fear
32569,sad
32619,neutral
32623,angry
32642,fear
32682,angry
32688,happy
3269,fear
32692,sad
32696,surprise
32758,sad
32766,fear
32799,fear
32829,happy
32876,fear
32879,happy
32889,angry
32931,happy
32940,angry
32941,neutral
32946,fear
3296,fear
3297,fear
32996,fear
33007,happy
33051,fear
33097,fear
3314,fear
33215,fear
33258,sad
33299,fear
33358,angry
33390,happy
33410,fear
33419,fear
33440,fear
33490,neutral
33519,sad
33535,fear
33548,sad
33559,happy
33587,fear
33608,fear
33617,sad
33644,fear
33673,surprise
33674,neutral
33701,angry
33718,sad
33806,angry
33855,sad
3391,angry
33919,angry
33940,happy
340,happy
3402,sad
34024,fear
34063,fear
3409,happy
34097,angry
341,sad
34100,surprise
34117,neutral
34120,happy
34143,fear
34201,fear
34277,happy
34325,fear
34356,neutral
34382,fear
34396,angry
34415,angry
34462,surprise
34465,fear
34522,happy
34545,happy
34613,fear
34656,fear
34659,sad
34675,fear
3472,angry
34730,happy
34755,surprise
34878,surprise
34897,angry
34968,fear
34972,neutral
35022,fear
35120,surprise
35151,angry
35202,fear
35207,happy
35230,fear
35238,surprise
35250,sad
35257,sad
35279,neutral
35322,fear
35334,neutral
35362,sad
35363,fear
35394,happy
35410,neutral
35427,fear
35453,fear
35541,sad
35592,happy
35629,happy
3565,fear
35697,surprise
35709,fear
3584,fear
35851,neutral
3601,neutral
3645,fear
365,angry
3709,surprise
3714,angry
3719,fear
3722,angry
3736,fear
3739,fear
3742,happy
3783,surprise
3785,neutral
3836,angry
3837,sad
3985,fear
4033,surprise
4040,fear
4064,fear
4098,sad
414,fear
418,sad
4200,fear
4217,neutral
4234,neutral
4296,sad
4308,fear
4316,surprise
4340,fear
4411,fear
4453,fear
4516,neutral
452,angry
4523,fear
454,fear
4540,fear
4547,angry
460,neutral
4650,fear
4821,happy
483,sad
4858,fear
4901,neutral
4917,angry
4975,fear
4979,fear
4986,sad
500,neutral
5023,sad
504,fear
507,surprise
5074,neutral
5097,sad
5117,angry
5184,neutral
5222,surprise
5253,fear
5263,fear
5283,sad
5360,fear
538,fear
546,angry
5472,fear
5514,neutral
5567,neutral
5622,surprise
5638,sad
5654,fear
5717,neutral
5736,angry
5809,surprise
5858,sad
5957,angry
5961,fear
5989,neutral
5992,fear
6035,sad
6037,fear
6054,fear
6059,neutral
6062,angry
6064,fear
6091,fear
6106,neutral
6152,sad
6153,angry
6176,angry
6179,fear
6214,angry
6311,angry
6345,neutral
6346,happy
6366,fear
6469,happy
6495,fear
6515,angry
6608,neutral
6732,fear
6747,angry
6808,fear
6814,fear
6876,angry
689,fear
6902,happy
6909,fear
6973,fear
6988,surprise
7027,sad
7038,fear
7102,happy
712,neutral
7129,angry
7146,sad
7150,angry
7158,fear
7182,fear
7270,fear
7271,sad
729,surprise
73,neutral
7302,fear
7305,fear
7350,sad
7394,neutral
741,neutral
7517,angry
7542,fear
7580,fear
7681,surprise
7684,neutral
7748,fear
7749,sad
7756,fear
7786,fear
7819,sad
7846,sad
7875,neutral
7894,fear
794,neutral
7980,fear
8035,fear
8040,sad
8043,angry
8067,angry
8119,fear
8163,neutral
8177,happy
8178,angry
8239,happy
8350,fear
8433,angry
8454,sad
8474,sad
8481,happy
85,fear
8556,sad
859,fear
8611,neutral
8637,fear
8645,fear
8672,angry
872,fear
8754,fear
8795,fear
8797,neutral
8818,surprise
886,sad
9037,surprise
9040,surprise
9101,fear
911,angry
9179,neutral
9205,fear
9232,neutral
9251,fear
9261,fear
9281,fear
9302,sad
9333,fear
9369,surprise
9370,angry
9474,happy
949,fear
9602,angry
9606,fear
9842,angry
9898,angry
10019,happy
10023,fear
10074,happy
10096,happy
10106,happy
10126,fear
10138,happy
10141,surprise
1020,happy
10218,happy
10237,happy
10248,happy
10257,happy
1027,happy
10273,neutral
10276,happy
10312,happy
10317,happy
10344,happy
10362,happy
10367,happy
10370,happy
10432,happy
10456,surprise
10467,happy
10468,angry
10480,happy
10528,happy
10540,happy
10552,happy
1056,surprise
10571,neutral
1058,happy
10622,happy
10638,angry
10640,happy
10644,happy
10647,neutral
10683,happy
10703,happy
1074,angry
10770,fear
10773,happy
10792,angry
1081,happy
10811,happy
10841,angry
10879,happy
10903,sad
10935,happy
10956,happy
10992,happy
11019,happy
1111,angry
11150,happy
11208,fear
1121,happy
11236,happy
1130,fear
11345,happy
11349,happy
11392,angry
1141,happy
11500,happy
11508,neutral
11516,happy
1152,happy
11530,happy
11549,happy
11552,happy
11558,happy
11573,happy
11575,happy
11588,neutral
1159,surprise
11594,happy
11604,fear
11614,happy
11637,happy
11646,happy
11658,happy
11717,happy
11733,happy
11763,happy
11766,happy
11772,sad
11785,happy
11793,happy
11808,happy
11814,happy
11819,happy
11835,fear
11842,happy
11850,happy
11885,happy
11927,happy
12011,happy
1202,angry
12024,happy
12098,angry
12120,happy
12129,happy
12141,happy
12191,happy
12239,happy
12257,happy
12284,happy
12321,happy
12329,happy
12349,happy
12359,happy
12376,happy
12379,neutral
12381,surprise
12410,happy
1246,happy
12487,happy
12492,fear
12497,surprise
12557,happy
12560,happy
12581,happy
12600,happy
12611,happy
12672,happy
12705,fear
12725,happy
12729,fear
12772,happy
12776,happy
12789,happy
12861,happy
12904,happy
12936,happy
12951,happy
12956,happy
12957,happy
13037,neutral
13073,happy
1309,angry
13105,happy
13108,angry
13127,neutral
13139,happy
13151,sad
1316,happy
13204,happy
13228,happy
13283,happy
13317,happy
13322,happy
1334,sad
13348,happy
13353,happy
13363,happy
13366,happy
13385,neutral
1341,happy
13427,happy
13428,happy
13449,happy
13456,happy
13476,happy
13502,happy
13526,happy
13528,neutral
13570,happy
13584,happy
13590,happy
13615,happy
13618,happy
13655,happy
13703,happy
13706,happy
13715,happy
13757,neutral
13761,neutral
13792,fear
13802,happy
1381,happy
13833,happy
13848,happy
13874,happy
13877,happy
139,happy
13911,happy
13912,surprise
13925,fear
1395,happy
13955,neutral
13968,fear
13969,happy
13991,sad
14063,fear
14092,angry
141,happy
14139,happy
14152,happy
14155,fear
14169,happy
14236,happy
14278,happy
14282,happy
14292,happy
14310,happy
14314,happy
14327,sad
14348,angry
14360,happy
14371,happy
14378,happy
14419,fear
14427,surprise
14448,neutral
14473,happy
14475,happy
14516,happy
14517,angry
14518,sad
14546,happy
14586,sad
14593,happy
14611,happy
14700,happy
14730,happy
14757,happy
14759,neutral
14792,happy
14877,happy
1491,happy
14965,happy
14973,angry
15039,happy
15060,happy
15077,happy
15099,happy
1512,happy
15147,angry
15181,happy
15212,happy
15216,happy
15221,surprise
15229,happy
15257,angry
15269,sad
15271,happy
15292,happy
15310,happy
15323,happy
15331,angry
15335,happy
1538,happy
15397,happy
15400,happy
15409,happy
15426,happy
15432,angry
15438,happy
15443,happy
15455,neutral
15494,neutral
15520,neutral
15523,angry
15589,happy
15616,happy
15621,happy
15677,happy
15708,happy
15758,happy
15767,happy
15791,surprise
15843,happy
15854,happy
15885,happy
15910,happy
15966,angry
15976,happy
15983,neutral
16037,fear
16042,happy
16064,happy
16076,sad
16081,happy
16106,angry
16108,happy
16120,happy
16141,happy
16192,happy
16198,happy
16238,happy
16275,happy
1628,happy
16308,happy
16370,happy
16375,happy
1640,happy
16407,sad
16423,happy
16444,happy
16460,happy
16511,angry
16550,happy
16562,happy
16583,happy
16588,happy
16596,angry
16604,happy
16611,happy
16619,surprise
16633,happy
16649,happy
16667,happy
16699,happy
167,happy
1670,neutral
16700,happy
16712,sad
16734,neutral
16738,happy
16751,happy
16752,disgust
16759,neutral
16770,happy
16795,happy
16799,happy
16809,happy
16818,happy
16952,happy
16967,happy
16971,angry
1699,angry
17002,neutral
17007,neutral
17010,neutral
17021,fear
17022,happy
17032,happy
1704,neutral
17041,happy
1707,happy
17098,happy
17104,fear
17117,happy
17188,happy
17194,happy
17207,happy
17220,happy
17319,happy
17367,happy
17381,happy
17397,happy
17402,happy
17447,happy
17462,happy
17470,surprise
17484,happy
17485,happy
17494,happy
17498,happy
17506,sad
17524,happy
17541,happy
17543,happy
17552,happy
17609,happy
17624,angry
17654,happy
1768,sad
17682,happy
17684,sad
17692,happy
17694,fear
17698,happy
1770,happy
17715,neutral
17772,happy
17799,happy
17802,sad
17821,happy
1787,happy
17904,happy
1793,happy
17936,happy
18016,happy
18018,happy
18025,happy
18033,happy
18037,happy
18080,happy
18082,neutral
1815,happy
18165,happy
18173,happy
18205,happy
18226,happy
18237,happy
18245,happy
18249,fear
18250,happy
18256,happy
18259,surprise
18297,happy
18308,happy
18383,happy
18405,happy
18424,angry
18425,happy
18442,happy
18443,happy
18471,happy
18476,happy
18483,happy
18487,happy
18503,happy
18505,neutral
18531,sad
18541,fear
18556,happy
18568,neutral
18578,happy
18655,happy
18662,happy
1869,happy
187,happy
18700,neutral
18729,happy
18783,happy
18822,happy
18827,neutral
18834,happy
18835,happy
18849,happy
18861,happy
1887,happy
18873,happy
18885,happy
18898,happy
18904,happy
18930,happy
18944,happy
18948,happy
18952,happy
19008,happy
19012,happy
19025,sad
19056,neutral
19062,happy
19063,neutral
19074,happy
19105,happy
19127,happy
19130,happy
19132,happy
19137,happy
19148,happy
19160,happy
19162,happy
1919,happy
192,fear
1920,happy
19210,happy
19245,neutral
19263,happy
19269,happy
19284,happy
19291,sad
19317,happy
19318,happy
19323,happy
19346,happy
19357,happy
19370,happy
19377,happy
19378,surprise
1938,happy
19398,happy
19402,fear
19438,happy
19449,happy
19478,happy
19492,happy
19496,surprise
19499,sad
19514,happy
1953,happy
19536,happy
19548,fear
19568,neutral
19589,happy
19597,happy
196,happy
19600,happy
19605,angry
19668,happy
19680,happy
19696,happy
19700,angry
19709,happy
19711,fear
1974,happy
19744,angry
19747,happy
19748,happy
19768,happy
19803,fear
19837,happy
19883,happy
19889,happy
19918,happy
19957,happy
19958,happy
19962,happy
19968,happy
2001,happy
20023,happy
20025,happy
20032,happy
20039,happy
20048,happy
20091,happy
20111,happy
2012,happy
20120,happy
20122,happy
20140,happy
20155,sad
20165,happy
20181,happy
20196,happy
20208,fear
20213,happy
20216,neutral
20218,happy
20229,neutral
20239,fear
20252,fear
20267,happy
20285,happy
20296,sad
20318,happy
20355,happy
20365,happy
20371,sad
20377,happy
20412,happy
20430,happy
20445,happy
20490,happy
20500,happy
20507,happy
20519,happy
20547,happy
20561,happy
20567,happy
2058,happy
20580,angry
20595,happy
20616,happy
2064,happy
20666,neutral
20675,neutral
20684,neutral
20685,happy
2069,happy
20745,fear
20821,happy
20829,happy
20850,happy
20857,happy
20865,happy
20866,surprise
20889,happy
20918,happy
20941,happy
20945,happy
20949,happy
20958,sad
20972,happy
20984,happy
20988,happy
20994,happy
210,happy
21006,neutral
21027,happy
21033,happy
21077,neutral
21097,neutral
21098,sad
21120,happy
21143,happy
21177,fear
21185,happy
2120,happy
21200,neutral
2122,sad
21235,neutral
21292,happy
213,happy
21305,happy
21316,happy
21348,happy
2135,happy
2137,happy
21376,happy
21384,happy
21394,happy
21439,happy
21441,happy
21460,happy
21473,happy
21483,angry
21501,angry
2152,angry
21524,happy
21538,happy
21574,happy
2159,happy
21593,happy
21602,happy
21605,fear
21618,happy
21699,happy
21708,happy
21750,happy
21778,neutral
21783,happy
21787,happy
2182,happy
21825,neutral
21835,happy
2184,happy
21846,happy
21876,happy
21899,happy
21927,happy
21942,happy
21943,happy
21961,neutral
21990,sad
2204,happy
22056,angry
22064,angry
22080,happy
22097,happy
22111,neutral
22138,happy
22140,happy
22150,happy
22154,happy
22178,angry
22179,angry
22191,happy
22194,neutral
22201,angry
22247,happy
22289,fear
22290,happy
22301,neutral
2231,happy
22340,happy
22346,happy
22347,happy
22351,happy
22380,happy
22388,happy
22395,happy
22424,happy
22459,happy
22466,happy
22506,happy
22532,happy
22545,happy
22560,happy
22574,happy
22600,happy
22604,happy
22612,happy
22614,happy
22671,sad
22679,happy
22711,neutral
22750,angry
22754,fear
22763,happy
22778,happy
22784,happy
22804,happy
22805,happy
2282,happy
22834,surprise
2284,neutral
22863,fear
2287,happy
22894,happy
22900,neutral
22910,happy
2293,happy
22935,angry
22991,happy
23028,fear
2305,happy
2307,happy
2308,happy
23096,happy
23101,happy
23114,neutral
23122,sad
23170,happy
23238,happy
2324,angry
2327,happy
23293,happy
23319,happy
23320,sad
23321,fear
23334,happy
23377,happy
23380,happy
23381,happy
23419,happy
23440,happy
23453,happy
23462,fear
2350,happy
23501,happy
23525,happy
23555,neutral
23559,sad
23572,neutral
23590,happy
23612,happy
23621,neutral
23664,happy
23667,happy
2374,happy
2377,happy
23770,happy
23786,sad
23801,happy
23813,happy
23848,happy
23862,neutral
23865,happy
23866,disgust
23891,happy
23897,happy
23920,happy
23933,happy
23946,happy
24027,happy
2403,sad
24054,angry
24055,happy
24077,neutral
24079,happy
24099,neutral
2411,happy
24123,happy
24137,happy
24148,fear
24161,happy
24189,happy
24200,happy
2421,happy
24211,happy
24219,happy
24224,happy
2424,happy
24241,happy
24259,surprise
24263,sad
24286,sad
24289,happy
24292,happy
24297,happy
24299,happy
24340,happy
24354,happy
24355,happy
2436,angry
24360,happy
24380,happy
24390,happy
24391,happy
24393,happy
24395,happy
24410,angry
24465,happy
24492,sad
2450,happy
24509,happy
24521,happy
24530,happy
24535,happy
24536,happy
24570,sad
24607,neutral
24633,happy
24652,happy
24656,happy
24680,happy
24692,happy
24699,happy
247,happy
24718,happy
2472,happy
24731,neutral
24747,happy
24764,happy
24769,happy
24777,happy
24783,happy
24823,neutral
2483,happy
24845,happy
24884,sad
24906,happy
24910,happy
2492,neutral
24942,happy
24946,happy
25006,happy
25017,fear
25028,happy
25037,happy
25039,happy
25048,sad
25058,angry
25123,happy
25163,happy
25180,happy
25186,happy
25199,happy
25223,fear
25271,happy
25275,happy
25287,angry
25322,happy
25328,happy
25337,happy
25342,happy
25383,angry
25396,happy
25414,happy
25420,happy
25431,happy
25438,fear
25443,happy
25454,neutral
25472,happy
25517,angry
25533,happy
2554,happy
2556,happy
25578,happy
2559,happy
25602,happy
25604,happy
25649,happy
25652,happy
25658,happy
25686,happy
25705,happy
25714,happy
25719,happy
25720,happy
25744,happy
25747,happy
25759,happy
25775,neutral
25809,happy
25839,happy
25887,happy
25902,happy
25927,fear
25937,happy
25949,sad
25993,happy
26018,happy
2603,neutral
26032,happy
26034,happy
26046,fear
26077,happy
26098,happy
26107,fear
2611,happy
26159,happy
26160,happy
26169,happy
2620,happy
26212,happy
26224,happy
2629,happy
26338,happy
26370,happy
26397,happy
2640,happy
26456,happy
26459,happy
26468,happy
26477,happy
2649,happy
26511,happy
2655,angry
26563,happy
26578,sad
26660,happy
26665,happy
26667,surprise
26676,sad
26703,happy
26720,neutral
26736,happy
26775,happy
2678,fear
26819,happy
26840,happy
26850,fear
26873,happy
26888,happy
26891,happy
26906,happy
26909,happy
26913,happy
26935,happy
26960,happy
26963,happy
26967,happy
26978,happy
26981,neutral
27048,happy
27051,happy
27105,neutral
27106,happy
27128,happy
27140,happy
27152,happy
27162,happy
27172,happy
27187,happy
27196,happy
27197,happy
27204,happy
27212,happy
27227,happy
27246,happy
27277,happy
27294,fear
2730,happy
27326,happy
27333,happy
27334,happy
27365,happy
27367,happy
27404,happy
27407,sad
27426,happy
27446,happy
2745,angry
27452,happy
27474,sad
27508,happy
2754,happy
27554,fear
27563,happy
27575,happy
27616,happy
27619,happy
27625,happy
27636,happy
27645,happy
27647,sad
27648,happy
27662,sad
27671,happy
27675,happy
27701,happy
2771,happy
2774,happy
27779,happy
27823,neutral
27854,happy
2790,fear
27928,fear
27931,fear
27932,happy
27940,happy
27944,neutral
27949,happy
2796,happy
28040,happy
28046,neutral
2805,happy
2806,happy
2810,happy
28105,happy
28108,neutral
28115,happy
28138,happy
28140,sad
2816,neutral
2820,happy
28249,happy
28256,sad
28264,happy
28273,happy
28282,happy
28367,sad
28376,happy
28379,happy
28383,happy
28415,neutral
28474,happy
28502,happy
28522,happy
28529,happy
2857,happy
28581,happy
28590,happy
28594,happy
28600,happy
2861,happy
28632,happy
2867,happy
28676,happy
28688,happy
28772,surprise
28797,happy
28807,neutral
28814,happy
2885,happy
28871,happy
28897,angry
28928,happy
28934,happy
28938,neutral
28949,happy
28954,sad
28955,happy
28962,angry
28963,happy
28982,sad
29003,sad
29019,happy
29020,fear
29067,fear
29071,angry
29074,happy
29111,happy
29123,happy
2913,happy
29185,surprise
29211,happy
29214,happy
29248,neutral
29258,fear
29290,angry
2930,happy
29300,happy
29329,happy
29365,happy
29370,happy
2938,happy
29398,happy
29415,happy
29423,fear
29456,happy
29460,happy
29464,neutral
29467,happy
29475,happy
2948,happy
29504,happy
29555,happy
29578,happy
29589,happy
29645,happy
29647,sad
29648,happy
29649,happy
2965,happy
29680,happy
29697,happy
29699,surprise
29707,happy
29724,happy
29766,angry
29769,happy
29773,happy
29821,happy
29834,happy
29844,fear
2985,angry
29889,happy
29919,happy
29979,happy
29981,happy
29987,happy
29991,happy
30,happy
30006,happy
30016,happy
30069,neutral
30099,happy
3010,happy
30102,happy
30114,happy
30119,happy
30127,happy
30143,sad
3016,happy
30164,happy
30188,surprise
30193,happy
30216,neutral
3022,happy
30221,happy
3024,happy
30241,happy
30245,happy
3029,happy
30297,sad
30328,happy
30332,angry
30337,happy
30338,happy
30341,happy
30400,surprise
30407,happy
30424,happy
30478,happy
30585,sad
30646,happy
30651,happy
30652,happy
30661,neutral
30675,happy
30683,happy
30689,happy
3069,happy
30704,happy
30728,angry
30737,happy
30738,fear
30749,happy
3077,happy
30772,angry
30779,happy
30793,neutral
30808,neutral
30820,happy
30822,happy
30823,happy
30825,sad
3083,happy
30830,happy
30835,fear
30851,happy
30855,happy
30856,neutral
3086,happy
30871,happy
30893,surprise
30909,neutral
30948,happy
30951,happy
30961,happy
30962,sad
30965,happy
30981,happy
31010,neutral
31029,happy
31043,happy
31056,happy
3106,happy
31080,happy
31101,happy
31112,happy
31137,happy
31140,happy
31141,happy
31145,happy
3117,happy
3120,angry
31209,happy
31239,happy
31285,happy
31295,happy
3131,happy
31316,happy
3132,happy
31366,happy
3138,happy
31384,happy
3144,happy
31440,happy
3146,happy
31542,happy
31551,happy
31571,happy
31572,happy
3162,happy
31627,happy
31629,happy
31659,angry
31697,fear
31742,happy
31752,happy
31806,happy
31811,angry
3182,happy
31833,happy
31853,happy
31858,happy
31870,happy
31897,surprise
31908,happy
31929,surprise
31952,fear
31977,happy
31987,happy
32046,happy
32047,happy
32048,happy
32051,angry
3209,happy
32142,happy
32144,happy
3215,sad
32177,neutral
32248,happy
32344,happy
32354,happy
32372,happy
32377,happy
32382,happy
32388,happy
32402,happy
32439,happy
3245,neutral
325,happy
3250,happy
32541,happy
32544,neutral
32568,happy
32570,fear
32574,happy
32595,happy
3260,fear
32607,happy
32614,happy
32624,angry
32627,happy
32684,angry
32725,disgust
32763,sad
32769,happy
32773,happy
3278,happy
32796,happy
32826,happy
32835,angry
32837,sad
32838,happy
32849,sad
32913,happy
32917,happy
32950,happy
32952,happy
32953,happy
32958,happy
32973,happy
32993,happy
32997,happy
32998,happy
33016,happy
33017,happy
33024,happy
33046,happy
33065,sad
33066,angry
33071,neutral
33084,fear
33091,fear
33094,happy
331,happy
3313,happy
33144,happy
33174,happy
33175,happy
3318,fear
33188,happy
33212,happy
33216,happy
33228,happy
33231,happy
33240,happy
33268,happy
33283,happy
333,happy
33319,happy
33320,happy
33322,happy
33326,surprise
33343,happy
33357,happy
33366,happy
33375,happy
33407,happy
33423,happy
33455,sad
33460,fear
33463,happy
33518,happy
33525,happy
33530,happy
33533,happy
33544,angry
33564,happy
33610,happy
33648,fear
33660,happy
33675,neutral
33690,happy
33727,happy
33757,happy
33762,angry
33802,happy
33807,angry
33842,happy
33853,happy
33874,happy
33915,happy
33917,happy
33933,happy
33938,happy
33981,happy
34015,fear
34049,happy
34057,happy
34098,happy
3410,neutral
34102,happy
3411,happy
34119,happy
34129,happy
3414,happy
34170,happy
34219,happy
3422,happy
34226,happy
34234,neutral
34244,happy
34257,happy
34295,sad
34302,happy
3431,happy
34316,happy
34361,happy
34375,happy
34386,happy
34397,neutral
34412,happy
34435,happy
34437,happy
34464,happy
34468,happy
3447,neutral
34471,fear
34483,happy
34498,happy
34510,neutral
3452,happy
34567,happy
34569,fear
34585,angry
34599,happy
34600,neutral
34644,happy
34645,happy
34649,happy
3465,happy
34688,sad
34720,happy
34724,happy
34737,happy
34753,happy
34756,happy
34759,happy
34761,happy
34768,happy
34772,happy
34829,happy
34836,happy
34840,happy
34841,happy
34861,happy
34941,angry
34965,happy
34969,happy
34978,happy
35101,happy
35117,happy
35142,happy
35153,happy
35163,happy
35177,fear
35199,happy
35200,happy
35209,happy
35226,neutral
35291,happy
35321,happy
35341,neutral
35346,happy
35364,happy
35369,sad
35370,angry
35372,happy
3538,happy
3543,happy
35454,neutral
35481,happy
35497,happy
35520,neutral
35536,neutral
35547,happy
35552,happy
35559,happy
35582,happy
35598,happy
356,neutral
35603,happy
35659,angry
35664,happy
35677,happy
35685,happy
35698,neutral
3570,happy
35707,happy
35721,angry
35724,angry
3574,sad
35767,happy
35771,happy
35787,sad
35792,happy
35794,happy
35804,happy
35850,happy
35856,happy
35860,happy
35869,happy
3590,happy
3647,neutral
366,happy
3662,happy
3663,happy
370,happy
3755,surprise
3763,neutral
3766,happy
3772,neutral
3811,happy
3818,happy
3842,happy
3875,happy
3891,surprise
3906,happy
3958,angry
3959,neutral
3969,happy
3977,fear
3978,happy
3982,sad
4029,happy
4041,sad
4084,happy
4090,happy
4094,happy
41,neutral
4107,happy
4114,fear
4133,angry
4156,neutral
4159,happy
4165,sad
4169,fear
4174,happy
4182,happy
4185,sad
4226,neutral
4248,happy
4264,happy
4269,happy
4284,fear
4295,neutral
4345,surprise
4363,happy
4366,neutral
440,happy
4433,happy
446,happy
4480,happy
4485,neutral
4492,happy
4506,happy
4526,happy
4549,happy
4558,happy
4576,happy
4580,surprise
4589,happy
4606,happy
4607,happy
4620,happy
4634,happy
4640,happy
4649,happy
4653,neutral
4666,neutral
478,neutral
4786,happy
4791,happy
4797,angry
4803,angry
4814,happy
4827,happy
4832,happy
4849,happy
485,angry
487,happy
4910,happy
4948,angry
4980,happy
4988,happy
4996,happy
5006,happy
5008,happy
5048,happy
5062,happy
5089,angry
5102,happy
5127,happy
5154,neutral
5176,happy
5209,happy
5264,happy
5269,happy
527,happy
5278,happy
5279,happy
5289,fear
5293,happy
5303,angry
531,neutral
5318,neutral
5340,happy
5356,neutral
5417,happy
5445,angry
5452,happy
5468,happy
5477,happy
5490,neutral
5493,happy
5523,happy
553,happy
5548,neutral
5558,neutral
5594,happy
5618,angry
5674,happy
568,happy
5694,happy
5705,happy
5714,happy
5719,happy
5753,happy
5766,sad
5783,happy
5797,happy
5800,happy
5807,happy
5812,happy
5835,happy
5857,happy
5891,happy
5904,angry
5919,happy
594,neutral
5942,happy
5954,happy
5968,surprise
5977,happy
5988,happy
6029,happy
6045,happy
6052,happy
6095,happy
6110,happy
6123,happy
613,neutral
6136,fear
6169,happy
6175,happy
6183,happy
62,happy
620,happy
6206,neutral
6217,angry
6246,happy
6272,happy
628,neutral
629,happy
6368,happy
6378,happy
639,sad
6394,happy
6403,sad
6416,happy
6444,happy
6457,happy
6473,happy
6500,happy
6522,happy
6532,sad
655,surprise
657,happy
6577,happy
659,angry
6603,surprise
6616,angry
6677,happy
6686,happy
6689,happy
6691,happy
6700,happy
6703,sad
674,sad
6744,neutral
6759,happy
6776,happy
6784,happy
6792,sad
681,sad
6811,happy
6818,happy
6865,happy
690,happy
6914,happy
6928,sad
693,neutral
6935,happy
6977,happy
6989,happy
7017,happy
7020,happy
7026,happy
7029,sad
7065,happy
7080,happy
7100,happy
7116,happy
7159,happy
7162,happy
7191,happy
7200,happy
721,happy
7244,fear
7245,happy
7292,happy
7299,happy
7333,happy
7335,sad
7366,happy
7379,happy
738,happy
7392,happy
7413,happy
7425,angry
7441,happy
7511,sad
7531,happy
7532,happy
7537,fear
7548,happy
7561,happy
7590,happy
7603,happy
7659,angry
7664,happy
7672,happy
7674,happy
7680,happy
7700,happy
7702,happy
7712,happy
7713,happy
7737,happy
774,happy
7753,happy
7762,happy
7804,happy
7813,happy
7815,happy
7827,happy
7845,happy
7881,happy
7892,sad
7905,happy
7916,happy
7948,angry
7975,sad
7986,happy
8,happy
80,happy
8020,angry
8027,neutral
8034,happy
8049,happy
8065,happy
8082,happy
8086,happy
8089,neutral
817,happy
8188,happy
8228,happy
8268,happy
8276,happy
8284,angry
8293,happy
8301,happy
8303,happy
8316,happy
8322,happy
8331,happy
8334,happy
8338,happy
8355,sad
8424,sad
8434,neutral
8449,happy
8457,happy
8473,happy
8539,happy
8548,happy
8559,happy
856,happy
8649,neutral
8657,happy
8662,happy
8677,happy
8682,happy
8691,happy
8704,happy
873,happy
8753,happy
8756,sad
8762,neutral
880,sad
8820,happy
8861,happy
8864,happy
8886,happy
8915,happy
8940,happy
895,angry
8960,happy
897,happy
898,happy
8993,happy
9005,sad
906,happy
9060,happy
9070,happy
9071,happy
9085,happy
9094,fear
9147,happy
915,sad
9152,happy
9167,happy
9174,happy
9180,happy
9202,happy
9206,happy
9222,angry
9246,fear
9272,angry
9286,happy
9371,happy
9392,happy
9412,happy
9416,neutral
942,happy
9437,sad
9442,happy
9476,happy
9486,happy
951,happy
9538,happy
9542,happy
9570,happy
9571,happy
9598,angry
9599,happy
9605,fear
9640,happy
9687,happy
973,happy
9774,happy
9800,sad
9833,angry
9845,happy
9865,sad
9890,happy
9893,happy
9897,neutral
9901,angry
9933,angry
9977,happy
9979,happy
9984,sad
10033,neutral
10048,happy
10068,neutral
10117,happy
10118,fear
10134,neutral
10150,happy
10247,neutral
10266,neutral
10346,angry
10406,angry
1045,happy
10512,neutral
10518,neutral
10533,angry
10535,angry
10549,fear
10624,angry
10634,fear
10653,neutral
10676,happy
10693,neutral
10715,angry
10741,neutral
10774,neutral
10787,sad
10902,fear
10906,sad
10916,neutral
10926,happy
1093,neutral
1094,neutral
1101,neutral
11022,neutral
11032,surprise
11034,neutral
11038,angry
11055,sad
11065,sad
11098,neutral
11108,happy
11130,fear
11168,sad
11180,happy
112,neutral
11213,neutral
11218,neutral
11233,fear
11251,neutral
1126,sad
11269,neutral
11277,angry
11278,fear
11317,angry
11358,sad
11390,neutral
11395,happy
1142,neutral
11448,angry
11462,neutral
11491,happy
11518,neutral
11560,sad
11603,neutral
11654,surprise
11660,fear
11686,sad
11689,fear
11725,sad
11738,sad
11783,neutral
11818,angry
11823,angry
11834,neutral
11872,neutral
11875,neutral
11889,neutral
1189,neutral
11913,neutral
11928,angry
11977,happy
12042,neutral
1206,angry
12090,neutral
12096,sad
12100,sad
12106,neutral
12116,angry
12117,neutral
12162,sad
12173,neutral
1220,neutral
12202,neutral
12215,neutral
1222,sad
1227,sad
12272,neutral
12289,surprise
12319,neutral
12361,angry
12363,angry
12366,fear
12407,fear
12423,neutral
1248,angry
12500,happy
12508,fear
12519,happy
12569,angry
12647,sad
12801,angry
12852,neutral
12869,neutral
12879,fear
12885,happy
12933,fear
12976,fear
1300,neutral
13047,angry
1313,fear
13161,fear
13164,neutral
13188,angry
13212,neutral
13237,neutral
13242,neutral
1328,sad
13337,angry
1336,neutral
1339,neutral
13409,happy
13411,neutral
13424,neutral
13430,neutral
13433,neutral
13441,sad
13467,neutral
13498,neutral
135,neutral
13531,sad
13586,angry
13603,happy
13619,neutral
13633,fear
13644,fear
13653,angry
13670,neutral
13692,neutral
13695,neutral
13800,fear
13808,angry
13825,happy
13834,happy
13843,sad
13897,neutral
13909,fear
14047,neutral
1407,neutral
1411,neutral
14113,angry
14135,sad
14154,neutral
14170,angry
14174,neutral
14175,angry
14187,neutral
14190,sad
14224,angry
14342,neutral
14352,happy
14362,angry
14406,sad
14436,neutral
14481,angry
14487,neutral
14495,neutral
14496,neutral
14513,angry
14542,neutral
14550,fear
14564,sad
14641,neutral
14645,happy
14671,neutral
14703,neutral
14717,angry
14741,neutral
14859,surprise
14867,fear
14929,neutral
1493,neutral
14957,neutral
14980,neutral
15007,sad
15013,sad
15044,happy
15070,neutral
15102,neutral
15106,neutral
15120,neutral
15121,angry
15132,fear
15168,neutral
15193,neutral
15207,happy
15210,sad
15220,happy
15248,angry
15293,neutral
15333,sad
15334,sad
15350,angry
15366,neutral
15387,neutral
15405,happy
15441,neutral
15445,neutral
15459,neutral
15529,sad
15536,neutral
15568,happy
15570,angry
15611,angry
15634,fear
15638,fear
15651,angry
15686,neutral
15713,neutral
15716,sad
15717,sad
1572,sad
15721,neutral
15824,neutral
15847,sad
15890,neutral
15904,sad
15932,neutral
15963,sad
16019,sad
16094,sad
16101,neutral
16143,fear
16196,neutral
16257,sad
16324,neutral
16329,neutral
16350,sad
16363,sad
16389,fear
16419,neutral
16463,neutral
16464,angry
16476,neutral
16478,sad
16508,neutral
1656,neutral
16569,happy
16570,fear
16575,sad
16685,neutral
1669,neutral
16696,sad
16714,sad
1675,neutral
16817,neutral
16823,neutral
1683,happy
16845,neutral
1685,neutral
16860,neutral
1688,angry
16890,neutral
16964,happy
16969,happy
16989,angry
17015,neutral
17018,neutral
17028,neutral
17131,neutral
1716,happy
17163,neutral
17212,neutral
17231,sad
17251,sad
17267,fear
17273,sad
17276,neutral
17295,angry
17318,neutral
17345,neutral
17359,neutral
1737,neutral
1738,fear
17417,happy
17424,happy
17538,happy
17555,fear
17563,neutral
17582,neutral
1759,fear
17598,neutral
17695,fear
17702,neutral
17790,fear
17815,neutral
17837,neutral
1785,fear
17886,sad
17973,happy
17980,angry
18035,neutral
18130,angry
18168,angry
18181,angry
1819,neutral
18208,happy
18223,neutral
18281,neutral
18288,angry
1830,neutral
18301,happy
18312,neutral
18321,neutral
18339,happy
1835,neutral
18388,neutral
18389,fear
18431,neutral
18469,sad
18497,neutral
18545,neutral
18554,neutral
18658,neutral
18687,angry
18703,sad
18708,neutral
18725,sad
1874,neutral
18778,neutral
18791,neutral
18803,angry
18825,neutral
18909,surprise
1892,fear
18926,happy
1897,neutral
18973,happy
18986,fear
19009,angry
19131,angry
19181,happy
19204,neutral
19214,fear
19234,neutral
19259,happy
19329,angry
19340,sad
19373,neutral
19390,neutral
19411,fear
19435,neutral
19495,fear
19533,sad
19549,happy
19571,neutral
19581,fear
19590,neutral
19591,happy
19609,fear
19615,happy
19643,happy
1972,neutral
19793,fear
19797,neutral
19829,fear
19855,fear
19863,neutral
1988,angry
19953,happy
19983,neutral
19993,happy
20008,neutral
20019,neutral
20028,sad
20036,neutral
201,sad
20150,neutral
20157,neutral
2019,happy
20223,sad
20257,angry
20272,neutral
20274,neutral
20289,angry
20360,fear
20372,neutral
20416,neutral
20432,neutral
2044,neutral
20514,angry
20517,sad
2053,sad
20549,sad
20588,sad
20603,surprise
20621,neutral
20665,neutral
20670,neutral
2068,neutral
20680,angry
20737,sad
20814,neutral
20833,sad
20856,neutral
20875,neutral
20892,angry
20893,sad
20933,neutral
20948,sad
21025,angry
21030,happy
21092,happy
21104,neutral
21150,neutral
21166,surprise
21167,neutral
21199,angry
21210,neutral
21265,neutral
21311,neutral
21314,neutral
2133,neutral
21337,neutral
21351,fear
21377,fear
21386,neutral
21393,neutral
21404,happy
21451,neutral
21455,neutral
21470,fear
21475,neutral
2149,neutral
21557,neutral
2156,happy
21589,neutral
21638,happy
21658,neutral
21663,neutral
21695,fear
217,neutral
2172,neutral
21730,sad
21752,neutral
21794,neutral
21812,fear
21817,happy
21822,neutral
21852,fear
21862,neutral
21880,neutral
21962,neutral
21971,neutral
22023,angry
22028,neutral
2207,neutral
22088,neutral
22091,happy
22095,fear
22123,neutral
2216,happy
2223,neutral
22267,neutral
2227,neutral
22292,sad
22325,neutral
22336,neutral
22354,neutral
22357,fear
22403,neutral
22410,neutral
22442,neutral
22457,neutral
22482,neutral
22508,sad
22517,neutral
22571,angry
22576,neutral
22587,neutral
22617,sad
22627,angry
22655,neutral
22688,neutral
22691,surprise
22720,neutral
2273,neutral
22774,neutral
22787,neutral
2279,angry
22820,neutral
22867,neutral
22886,neutral
22916,fear
22924,sad
22974,neutral
22987,sad
22992,neutral
23012,neutral
2303,sad
23039,neutral
23057,neutral
23103,neutral
23119,fear
23167,neutral
23172,neutral
23186,neutral
23204,neutral
23216,happy
23224,happy
23244,neutral
23272,fear
23291,happy
23343,neutral
23348,fear
23396,sad
23457,neutral
23470,happy
23487,neutral
23565,neutral
23609,neutral
23623,sad
23634,sad
23666,neutral
23691,neutral
23722,neutral
23725,angry
23741,angry
23794,neutral
23858,neutral
23869,neutral
23929,sad
24003,fear
24051,neutral
24065,neutral
24101,neutral
24104,fear
24105,neutral
24156,neutral
24175,neutral
24182,sad
24187,neutral
24232,neutral
2427,fear
24347,fear
24358,sad
2443,neutral
24443,neutral
24531,angry
24573,neutral
24575,neutral
2458,happy
24725,neutral
24768,neutral
24774,angry
24779,neutral
24785,sad
24798,neutral
24815,angry
24820,neutral
24877,neutral
24912,neutral
24931,neutral
24962,neutral
24964,sad
25007,happy
25018,surprise
25021,neutral
25078,neutral
25089,neutral
25099,fear
2510,neutral
25151,neutral
25295,sad
25318,sad
2535,sad
25372,happy
25391,neutral
25401,neutral
25409,sad
25451,neutral
25497,sad
25507,angry
25520,angry
25537,neutral
25573,angry
25593,neutral
25615,neutral
25627,happy
25635,happy
2564,sad
25668,neutral
25678,neutral
25682,neutral
25685,neutral
25695,neutral
25701,happy
25723,neutral
25743,neutral
25773,neutral
25797,neutral
25800,neutral
25810,sad
25818,neutral
25841,sad
2588,happy
25895,sad
25915,neutral
25919,neutral
25969,sad
25978,neutral
25979,sad
25994,happy
26016,happy
26023,happy
26041,happy
26049,angry
26056,angry
26067,sad
26069,happy
26081,fear
2613,fear
26134,sad
26161,neutral
26187,sad
26190,neutral
26192,neutral
26200,neutral
26209,neutral
26223,neutral
26227,neutral
26237,neutral
26318,neutral
26364,surprise
26411,happy
26453,sad
26464,surprise
26495,neutral
26539,sad
26647,neutral
26654,sad
26682,fear
26715,neutral
26767,happy
2677,happy
26771,fear
26833,neutral
26839,sad
26851,happy
26892,happy
26901,fear
26961,happy
2699,neutral
2710,neutral
27115,fear
27190,happy
27218,sad
27229,neutral
2727,angry
27299,surprise
273,neutral
27306,neutral
27329,happy
27405,neutral
27465,neutral
2747,neutral
2750,neutral
2753,neutral
27533,neutral
27594,sad
27597,happy
2761,happy
27642,fear
27646,happy
27650,happy
27683,fear
27692,neutral
27752,happy
27767,neutral
27864,neutral
2792,neutral
27985,neutral
27995,happy
28005,angry
28007,neutral
28014,happy
28025,neutral
28084,sad
28153,sad
28235,neutral
28251,neutral
28269,happy
28278,happy
2829,sad
28298,neutral
28359,fear
28471,neutral
28478,neutral
28480,sad
28493,neutral
28499,sad
28507,fear
28517,neutral
28531,neutral
28535,neutral
28539,sad
28546,sad
28549,angry
28642,happy
28681,fear
2871,sad
28723,neutral
28769,neutral
28782,neutral
28836,fear
28842,neutral
28846,happy
28854,neutral
28951,neutral
29009,fear
2901,happy
29099,sad
29129,sad
2914,neutral
29216,fear
29246,sad
29256,sad
29311,neutral
29324,sad
29388,neutral
29403,sad
29428,neutral
29438,neutral
29484,fear
29500,sad
29505,neutral
29525,happy
2953,angry
29556,fear
29559,surprise
2957,neutral
29608,neutral
29609,sad
2962,happy
29637,neutral
29664,happy
29694,neutral
29758,neutral
2978,neutral
29794,happy
2984,neutral
29840,angry
29848,sad
29893,neutral
29916,neutral
29921,sad
29944,neutral
2995,angry
2998,neutral
30053,neutral
30121,angry
30167,angry
30197,sad
30220,neutral
30345,neutral
30346,neutral
30371,sad
30374,neutral
30422,angry
3050,neutral
3051,neutral
30530,sad
30543,sad
30546,happy
30581,neutral
30713,neutral
30786,neutral
30850,neutral
30976,sad
31057,neutral
31123,happy
31132,fear
31139,neutral
3115,neutral
31164,neutral
31189,neutral
3123,neutral
31240,sad
31257,sad
31263,neutral
31307,angry
31332,sad
31347,neutral
31371,neutral
31373,neutral
31478,neutral
31483,angry
31486,fear
31546,angry
31561,neutral
31591,neutral
31713,neutral
3174,neutral
31774,neutral
31820,happy
31869,sad
3191,neutral
31949,neutral
31997,neutral
3204,angry
32071,neutral
32081,neutral
3221,sad
32216,sad
32321,neutral
32330,angry
32355,happy
32360,sad
32371,happy
32391,neutral
32443,neutral
32445,happy
32467,neutral
3247,fear
32479,neutral
32508,sad
32516,angry
32547,neutral
32587,neutral
32605,neutral
32636,happy
32671,angry
32683,fear
32730,neutral
3276,happy
32778,neutral
32782,angry
32792,neutral
32817,neutral
32855,angry
32870,neutral
32905,neutral
32914,neutral
32935,happy
32939,fear
32965,neutral
32972,neutral
32978,angry
33005,happy
33013,neutral
33022,sad
33031,happy
33049,neutral
33052,happy
33100,neutral
33124,angry
33159,angry
33182,neutral
33219,neutral
33243,happy
33255,neutral
33317,sad
33346,happy
33381,sad
33399,neutral
33452,neutral
33468,neutral
33471,neutral
33514,happy
33526,neutral
33609,angry
33642,neutral
33699,angry
33710,surprise
3375,neutral
33785,neutral
33794,neutral
33813,happy
33819,angry
33856,neutral
33858,neutral
33863,neutral
33865,neutral
33870,happy
33880,neutral
33894,angry
3395,sad
33965,angry
33999,happy
34037,neutral
3404,neutral
34059,sad
34088,neutral
34093,neutral
34131,sad
34161,neutral
34269,happy
34272,neutral
34279,neutral
34308,neutral
34324,neutral
34335,sad
34513,angry
34526,neutral
34530,neutral
34539,happy
34555,neutral
34598,sad
34612,neutral
34673,neutral
34685,neutral
34854,neutral
34870,neutral
34875,neutral
34920,happy
34979,neutral
3502,sad
35034,angry
35075,neutral
35108,sad
35129,sad
35183,angry
35216,neutral
35229,neutral
35241,sad
35255,neutral
35267,happy
35332,happy
3535,sad
35356,neutral
3537,neutral
35400,neutral
35408,neutral
35484,neutral
35546,neutral
35576,neutral
35628,sad
35657,neutral
3566,neutral
35704,sad
3575,fear
35754,neutral
35755,neutral
35764,happy
35775,neutral
35802,neutral
35852,neutral
3600,sad
3610,sad
3700,neutral
3729,sad
3792,neutral
3795,fear
3899,angry
3909,neutral
3929,neutral
3932,neutral
3953,neutral
3986,neutral
405,neutral
4062,neutral
4124,neutral
4137,neutral
4194,fear
4223,angry
4242,neutral
4314,surprise
4328,neutral
4339,neutral
4372,happy
4380,neutral
4394,neutral
44,fear
4443,neutral
4449,neutral
449,neutral
4552,neutral
4553,neutral
4563,neutral
4573,neutral
4574,angry
4672,neutral
4748,neutral
4752,sad
4770,neutral
4777,angry
4802,neutral
4825,happy
4829,neutral
4868,neutral
4870,neutral
4883,fear
4888,angry
4935,happy
4953,happy
4998,angry
5046,neutral
5053,neutral
5073,neutral
508,angry
5087,happy
5110,angry
5116,neutral
5170,neutral
5186,angry
5258,neutral
5267,happy
5323,happy
5345,neutral
5361,neutral
5385,sad
541,neutral
542,angry
5444,happy
5446,sad
5449,angry
547,neutral
551,sad
5527,happy
5536,neutral
5549,neutral
5561,fear
5591,angry
5651,neutral
5687,neutral
5695,neutral
5708,neutral
5713,happy
5715,neutral
5724,sad
5748,angry
5749,neutral
5784,neutral
5792,fear
5811,neutral
5831,angry
584,happy
5853,sad
5865,happy
5912,neutral
5931,neutral
5953,sad
596,neutral
5976,sad
5984,neutral
60,neutral
601,neutral
6078,neutral
6103,neutral
615,fear
6158,neutral
6180,neutral
6193,fear
6236,neutral
6343,neutral
6351,fear
6388,sad
6397,sad
6412,fear
644,neutral
649,neutral
6502,neutral
651,neutral
6527,neutral
6599,neutral
662,neutral
6664,neutral
6710,angry
673,neutral
6813,neutral
6836,sad
6842,fear
6869,neutral
6891,neutral
6934,sad
7008,fear
7009,neutral
7077,angry
7092,angry
7110,fear
7131,neutral
7198,neutral
7220,neutral
7239,sad
7254,neutral
7273,sad
7274,happy
7348,neutral
7361,neutral
7376,neutral
7398,neutral
7462,sad
7466,neutral
7490,happy
7551,sad
7571,neutral
7588,angry
7599,neutral
7630,angry
766,sad
767,neutral
7717,sad
7755,neutral
7765,sad
7772,neutral
7773,neutral
7788,sad
7823,fear
7831,happy
7871,neutral
7903,neutral
7932,neutral
7953,angry
8003,happy
8054,neutral
8076,angry
8083,neutral
8105,neutral
8141,neutral
8179,neutral
8211,fear
8216,happy
8233,neutral
8247,neutral
8262,neutral
8264,angry
8280,neutral
8295,neutral
8347,surprise
8352,neutral
8373,neutral
838,neutral
8389,sad
8392,neutral
841,neutral
8410,happy
8471,fear
8483,neutral
8498,angry
8516,sad
8536,neutral
855,angry
8599,neutral
8687,sad
8694,angry
8724,neutral
8763,happy
8768,happy
8782,fear
8788,angry
8802,happy
8842,neutral
8862,sad
8863,sad
8868,neutral
8880,happy
891,fear
8919,neutral
8946,sad
8976,sad
8980,neutral
9011,angry
9016,angry
9046,neutral
9050,happy
9069,neutral
9099,sad
9128,neutral
913,sad
9149,neutral
917,happy
9170,neutral
9209,sad
9221,happy
9235,neutral
9252,angry
9273,happy
9276,sad
9288,sad
9292,neutral
9324,happy
9335,angry
9355,sad
9356,fear
9360,happy
9381,neutral
9415,angry
9420,neutral
9434,neutral
9453,neutral
9473,sad
9477,angry
9507,neutral
9543,neutral
9611,sad
9701,fear
9712,neutral
9718,fear
9773,neutral
9803,neutral
9838,neutral
9867,angry
9874,neutral
9936,fear
9975,neutral
9982,sad
9993,angry
10004,angry
1003,neutral
10031,surprise
10073,neutral
10114,fear
10116,angry
10171,angry
10172,angry
10176,angry
1022,sad
10252,sad
1026,sad
10339,fear
10352,sad
10375,happy
10383,fear
10386,sad
10423,angry
10425,neutral
10455,happy
10561,sad
10607,neutral
10620,neutral
10655,angry
10686,neutral
10694,angry
10713,sad
10769,sad
1078,fear
10871,sad
10881,sad
10919,fear
11025,neutral
11026,sad
11031,sad
11100,neutral
11138,fear
11140,sad
11163,fear
11192,sad
11209,surprise
11234,fear
11241,neutral
11264,sad
11280,neutral
11284,neutral
11295,happy
11316,sad
11346,happy
11398,sad
1148,sad
115,fear
11523,sad
1156,surprise
11581,sad
11582,neutral
11601,sad
11626,sad
11640,happy
11662,happy
11722,sad
1173,sad
11746,sad
11790,fear
11794,sad
11836,happy
11867,neutral
11876,sad
11880,neutral
11891,sad
11909,angry
11966,sad
11978,sad
1198,angry
12040,sad
12074,sad
12092,angry
12113,neutral
12119,sad
12190,sad
12246,neutral
12267,happy
12318,fear
12364,fear
12498,sad
12512,neutral
12524,sad
12547,neutral
12591,sad
12594,neutral
12621,neutral
1264,sad
12648,angry
12659,neutral
12661,sad
12702,sad
12758,happy
12791,happy
12818,surprise
12827,angry
12899,sad
12958,neutral
1298,neutral
13000,angry
13027,sad
13051,sad
13091,angry
13150,sad
13162,fear
13180,fear
13187,sad
13293,surprise
13296,sad
13339,sad
13380,fear
13421,neutral
13483,sad
13488,sad
13505,happy
13510,sad
1353,angry
13562,fear
13575,sad
13598,fear
13631,neutral
1364,happy
13666,neutral
13714,sad
13726,fear
13793,sad
13801,angry
13812,sad
13852,sad
13870,angry
13888,sad
13907,happy
13940,fear
13979,happy
13983,neutral
14048,sad
14070,neutral
14106,neutral
14122,fear
14127,neutral
14136,sad
1420,sad
14208,fear
14226,sad
14250,neutral
14346,happy
14384,sad
14388,neutral
14459,fear
14464,neutral
14472,sad
14474,fear
14484,sad
14494,sad
14505,sad
14522,sad
14524,fear
14561,sad
14572,sad
14574,sad
14578,fear
14682,neutral
14696,fear
14729,sad
1482,neutral
14835,sad
14836,happy
15052,happy
15078,neutral
15090,sad
15129,neutral
15145,fear
15167,sad
15169,fear
15192,happy
15208,fear
15289,happy
15294,sad
1536,happy
15365,angry
15373,sad
15436,sad
15447,fear
15462,sad
15468,neutral
15484,sad
1549,sad
15534,sad
15535,sad
15565,happy
15580,sad
15592,sad
1560,happy
15613,angry
15642,sad
15657,sad
15696,sad
15697,angry
15795,angry
15867,angry
15909,angry
15929,sad
16003,fear
16010,angry
16053,happy
16056,surprise
16075,fear
16087,neutral
16125,sad
16151,neutral
16208,sad
16304,neutral
16338,angry
16387,neutral
16388,angry
16405,sad
16443,angry
1645,neutral
16475,sad
16535,sad
16558,sad
16645,surprise
16706,sad
16710,sad
16776,neutral
1678,sad
16787,neutral
16798,sad
16821,sad
16837,sad
16839,fear
16863,neutral
16895,sad
16938,sad
16962,angry
16985,neutral
17003,neutral
17011,neutral
17100,sad
17128,sad
172,angry
17206,angry
17215,fear
17237,happy
17248,happy
17257,fear
17275,sad
17279,angry
17293,neutral
17297,neutral
17331,sad
17341,neutral
17363,fear
17426,neutral
17432,neutral
1751,fear
17518,surprise
17597,neutral
17607,neutral
17625,sad
17662,neutral
17666,sad
17678,sad
17713,angry
17717,angry
1772,neutral
17730,sad
17746,sad
17763,neutral
17767,sad
17775,sad
1778,angry
17784,sad
17794,sad
17887,sad
17912,fear
18047,sad
18067,sad
18101,fear
18120,sad
18180,neutral
18193,sad
18260,sad
18270,fear
18300,neutral
18345,sad
18349,angry
18361,sad
18367,neutral
18381,angry
18457,sad
18475,fear
1854,fear
18550,sad
18573,neutral
18610,surprise
18732,sad
18734,sad
18842,neutral
18855,neutral
18872,sad
18888,sad
18897,angry
1891,sad
18914,angry
18927,sad
1896,neutral
18962,fear
19029,sad
19049,neutral
19082,fear
19084,sad
19095,sad
19145,neutral
19165,happy
19179,neutral
1926,fear
19274,neutral
19285,sad
19303,sad
1931,fear
19364,neutral
1937,happy
19384,angry
19422,happy
19461,sad
19470,sad
19486,sad
19531,angry
19535,happy
19578,fear
19607,sad
19663,fear
19674,fear
1973,neutral
19731,fear
19785,fear
19799,neutral
19861,angry
19864,sad
19880,fear
19893,neutral
19934,neutral
19969,sad
19973,fear
19975,neutral
20,angry
20072,sad
20073,sad
20104,fear
20171,sad
20192,sad
20193,fear
20217,sad
20301,angry
20313,angry
2039,fear
20395,neutral
20400,neutral
20468,fear
20469,angry
20511,sad
20560,sad
20563,neutral
20589,sad
20650,sad
20656,sad
20667,happy
20750,sad
2084,angry
20908,angry
2091,surprise
20964,angry
20979,neutral
21005,sad
21029,surprise
21036,surprise
21078,neutral
21082,happy
21201,neutral
21221,sad
21249,sad
21275,sad
21282,neutral
21312,sad
21324,sad
21428,sad
21434,sad
21531,fear
21535,fear
21549,neutral
2157,happy
21632,fear
21666,sad
21681,sad
21715,angry
21720,neutral
2176,sad
21766,sad
21769,fear
21968,fear
21978,sad
21988,sad
22004,fear
22032,neutral
22051,neutral
22067,fear
22117,fear
22241,angry
22255,fear
22271,happy
22319,angry
22335,angry
2238,sad
2239,neutral
22390,surprise
22416,sad
22419,sad
22448,angry
22449,neutral
22452,sad
22521,angry
2256,angry
22602,angry
22619,fear
22631,fear
22651,surprise
22690,angry
22704,fear
22761,angry
22765,happy
22766,sad
2278,sad
22808,neutral
22816,neutral
22937,neutral
22961,fear
22977,happy
22989,sad
23054,angry
23060,fear
231,sad
2312,neutral
23220,angry
23297,sad
23304,neutral
23341,neutral
23374,angry
23407,angry
23430,sad
23452,sad
23471,fear
23483,neutral
23507,angry
23542,happy
23549,sad
23562,sad
23584,fear
23601,sad
23654,sad
23658,neutral
2367,neutral
23675,neutral
23700,angry
23715,fear
23748,neutral
23760,sad
23764,neutral
23779,sad
23781,neutral
23792,angry
23817,fear
23829,angry
23832,neutral
23853,sad
23884,neutral
23901,sad
23905,sad
23915,happy
23945,fear
23948,sad
23965,fear
23968,fear
23978,fear
23991,sad
24013,sad
24057,fear
24066,neutral
24087,angry
2412,happy
24133,neutral
24160,fear
24168,fear
24173,sad
2418,neutral
24183,sad
24217,fear
24239,neutral
24247,sad
2431,sad
24329,sad
24363,fear
24384,happy
24420,sad
24421,sad
24460,fear
24473,sad
2451,sad
24543,angry
24545,fear
24582,sad
24643,surprise
24664,neutral
24736,angry
2476,sad
2478,sad
2485,neutral
24881,sad
24909,neutral
24916,sad
2496,sad
2499,neutral
2502,fear
25025,sad
25055,happy
25087,sad
25117,sad
25126,neutral
25211,neutral
25231,sad
25240,fear
25250,surprise
25281,sad
2530,happy
2533,fear
25330,fear
25348,neutral
25351,fear
25356,fear
25379,fear
25381,sad
2539,happy
25410,sad
25412,angry
25425,sad
2546,fear
25510,fear
25529,fear
25576,fear
25582,sad
25597,angry
25632,angry
25643,angry
2565,angry
25819,neutral
25832,sad
25843,sad
25920,angry
25961,neutral
25983,sad
25985,sad
26005,sad
26006,happy
26040,neutral
26079,happy
2615,neutral
26198,happy
26249,angry
26269,sad
26270,sad
26292,neutral
26304,neutral
26313,sad
26321,angry
2633,neutral
26339,neutral
26346,happy
2635,sad
26355,neutral
26368,fear
26378,fear
26398,angry
26404,sad
26443,happy
26484,happy
26501,sad
26543,happy
26566,angry
26573,sad
26581,sad
26586,sad
26600,happy
26612,sad
26670,fear
26675,sad
26683,fear
26702,disgust
26747,fear
26772,happy
26834,neutral
2690,sad
26959,neutral
26970,fear
27005,angry
27027,fear
27035,angry
27052,sad
27117,happy
27124,neutral
27258,sad
27292,angry
27305,fear
27350,fear
27400,sad
27410,sad
27450,fear
27461,surprise
27471,neutral
2748,sad
2751,fear
27518,fear
27522,sad
27561,neutral
27562,angry
27576,fear
27585,sad
27588,sad
27629,fear
27681,neutral
27694,sad
27719,sad
27759,sad
27776,happy
27788,sad
27810,fear
2785,angry
27873,sad
2788,sad
27887,sad
27913,neutral
27948,neutral
27993,fear
28053,angry
28073,sad
28091,sad
28100,fear
28137,angry
28143,neutral
28171,fear
28230,sad
28252,sad
28272,sad
28294,sad
28296,sad
28396,sad
28424,sad
28426,sad
28465,fear
28552,fear
28555,sad
28568,neutral
28596,angry
28696,fear
28700,happy
28794,sad
28895,sad
28966,happy
2902,angry
29058,fear
29082,sad
29112,happy
29121,neutral
29150,angry
29194,sad
29226,neutral
29243,angry
29295,sad
29298,sad
29305,sad
29318,sad
29322,happy
2934,sad
29379,fear
29383,neutral
2945,neutral
2950,neutral
29529,angry
29553,sad
29561,sad
29580,happy
29585,sad
29617,sad
29622,angry
29627,angry
29628,sad
29632,fear
29652,sad
29692,sad
29703,sad
29756,fear
29757,angry
29792,sad
29819,fear
29835,neutral
29875,sad
29897,sad
29936,fear
29937,sad
29941,neutral
29970,fear
29973,angry
29998,angry
30001,sad
30035,angry
30045,neutral
30056,sad
3007,neutral
30080,neutral
30094,fear
30104,sad
30118,sad
3012,sad
30144,angry
30170,neutral
30181,neutral
30219,angry
30251,sad
30274,happy
30289,neutral
30292,sad
30326,sad
30331,sad
30358,sad
30377,sad
30410,neutral
30439,fear
30440,neutral
30462,sad
30541,happy
30552,neutral
3056,sad
30565,sad
3059,fear
30611,sad
3075,fear
30763,neutral
30789,angry
30817,sad
30818,neutral
30853,neutral
30867,sad
3088,sad
3094,fear
31009,neutral
31068,happy
31072,happy
31099,sad
31104,neutral
31113,sad
31149,neutral
3118,sad
312,neutral
31248,sad
31265,sad
31328,neutral
31367,sad
3139,neutral
31390,fear
31409,fear
31424,sad
31506,neutral
31510,fear
31527,happy
31534,sad
31634,sad
31643,angry
31653,sad
31663,sad
31665,happy
31669,fear
3169,fear
31712,happy
31720,fear
31836,sad
31857,happy
3187,fear
32005,fear
32029,surprise
3206,happy
32139,fear
32175,angry
32183,happy
32189,sad
32202,sad
32268,neutral
32296,angry
32297,neutral
3235,angry
32383,neutral
32394,sad
32422,surprise
32565,angry
32580,happy
32582,sad
32613,sad
3263,sad
32711,fear
32744,angry
32768,neutral
32814,sad
32818,fear
32836,neutral
32843,sad
32859,happy
32861,neutral
32898,neutral
32903,angry
32911,happy
32932,sad
32982,neutral
33089,sad
33152,sad
33213,neutral
33227,fear
33247,sad
33276,surprise
33295,happy
33302,happy
33331,fear
33371,angry
33373,sad
33421,fear
33492,neutral
33516,sad
33523,sad
33538,sad
33628,sad
33636,sad
33640,sad
33686,sad
33691,neutral
33693,angry
33736,sad
33747,happy
3378,neutral
33780,sad
33786,fear
3382,sad
33820,angry
33936,neutral
33962,fear
33988,fear
3403,fear
34070,angry
34121,angry
34176,fear
34195,sad
34205,neutral
34242,fear
34250,neutral
3433,fear
34387,neutral
34408,sad
34413,surprise
34427,angry
34477,sad
34509,angry
34533,sad
34605,sad
34610,neutral
34629,disgust
34633,sad
34679,sad
34694,sad
3477,neutral
34788,sad
34798,surprise
34799,angry
34820,fear
34827,fear
34905,fear
34913,sad
34917,neutral
3492,angry
34945,fear
34985,neutral
34988,sad
34991,sad
350,fear
35030,neutral
35039,angry
35043,sad
35058,sad
3506,sad
3508,sad
35116,sad
35131,fear
35148,fear
3518,sad
35192,fear
35214,happy
35297,neutral
35318,sad
35375,fear
35386,sad
35411,sad
3546,neutral
35528,sad
35567,neutral
35605,surprise
35615,fear
35639,neutral
35691,surprise
35737,angry
35768,angry
35812,neutral
35873,fear
359,sad
3634,fear
3653,sad
3661,neutral
3731,angry
3767,angry
3825,sad
3855,sad
3869,sad
3922,neutral
3951,neutral
3972,sad
3988,sad
4130,sad
4207,happy
422,sad
4233,neutral
4274,fear
4381,sad
4389,neutral
4412,happy
4415,happy
4441,neutral
4482,sad
4534,neutral
4572,happy
4594,neutral
4596,fear
4615,sad
4624,neutral
4697,sad
4714,fear
4734,fear
4736,fear
4764,neutral
4771,sad
4811,sad
4860,fear
4940,fear
4951,fear
4958,happy
4987,neutral
5004,fear
505,sad
5055,angry
5056,sad
5058,neutral
5061,happy
5100,neutral
5101,fear
5107,sad
5147,sad
5166,neutral
5177,fear
5224,sad
5229,fear
5374,fear
5435,fear
5466,neutral
5560,neutral
5629,neutral
5642,fear
5689,sad
5710,fear
580,angry
5836,angry
5910,fear
5995,fear
6025,happy
6033,sad
6109,neutral
6137,happy
6149,sad
6187,angry
6215,sad
6265,happy
6304,fear
6312,angry
6353,angry
6400,fear
6449,fear
6459,neutral
6467,sad
6492,sad
6521,angry
6529,disgust
6551,fear
6557,neutral
6563,sad
6645,angry
6660,angry
6720,neutral
6735,sad
6771,happy
680,sad
6833,sad
6860,sad
688,fear
6897,sad
6901,neutral
6904,fear
6915,sad
6930,neutral
6957,sad
6960,sad
6964,sad
70,sad
7030,happy
7037,sad
7039,neutral
7119,fear
7121,sad
7165,sad
7232,fear
7253,sad
7268,neutral
7275,happy
7287,sad
7301,happy
7337,sad
7371,sad
7400,sad
7406,fear
7430,happy
7475,neutral
7502,fear
7536,sad
7566,sad
7569,surprise
761,fear
7618,sad
7623,neutral
7675,sad
7679,angry
7724,happy
7776,fear
7806,neutral
7848,fear
7877,sad
7878,surprise
7943,sad
7962,fear
7963,angry
7976,sad
798,fear
800,sad
8039,sad
8056,angry
8098,surprise
8099,neutral
8102,happy
8146,fear
8164,sad
8197,neutral
8203,sad
822,fear
8223,sad
8238,sad
8252,sad
8266,sad
8333,sad
8390,sad
8430,sad
8525,angry
8580,sad
8614,sad
8639,sad
8659,sad
8702,sad
8718,neutral
8738,fear
8761,neutral
8814,happy
8834,surprise
8851,happy
8876,sad
8892,sad
8925,fear
8953,sad
8955,fear
8958,fear
9006,neutral
9028,fear
9066,sad
9073,sad
9082,fear
9087,angry
9119,neutral
9142,happy
9171,sad
9219,fear
922,angry
9238,sad
9267,neutral
9327,angry
9338,disgust
9387,sad
9405,sad
9454,sad
9457,angry
9459,happy
9463,sad
9465,neutral
9498,happy
9508,sad
9548,angry
9689,happy
9693,neutral
9713,neutral
9769,happy
977,fear
98,fear
9841,sad
9864,sad
987,angry
9885,sad
9889,neutral
9923,fear
10056,surprise
10097,neutral
10162,neutral
10185,surprise
10246,surprise
10259,surprise
10268,surprise
10306,surprise
1033,surprise
10365,surprise
10372,surprise
10444,surprise
10545,surprise
10625,fear
10701,fear
10734,surprise
10755,sad
10768,surprise
10800,surprise
10813,neutral
10820,surprise
10837,surprise
10866,surprise
10909,fear
10931,surprise
10950,surprise
11000,angry
11043,surprise
1107,neutral
11126,happy
11139,surprise
1118,fear
11302,surprise
11414,surprise
11418,surprise
11429,angry
11451,surprise
11466,surprise
11589,happy
11670,surprise
11721,surprise
1176,angry
11786,surprise
11848,surprise
11865,angry
11902,surprise
12086,surprise
12107,surprise
12131,surprise
12134,surprise
12312,surprise
12320,happy
12338,surprise
1239,surprise
12463,surprise
12470,fear
1249,surprise
12504,fear
12529,surprise
12551,surprise
12567,surprise
12626,surprise
12684,happy
12723,surprise
12748,fear
12768,happy
12903,surprise
12924,happy
12960,surprise
12973,happy
13009,angry
13080,surprise
13101,angry
13145,surprise
13169,neutral
13203,happy
13205,surprise
13230,surprise
13288,happy
13460,surprise
13521,surprise
13622,angry
13684,surprise
13740,surprise
1376,surprise
13837,surprise
13876,surprise
14080,surprise
14091,disgust
14115,angry
14305,surprise
14331,surprise
14375,surprise
1449,surprise
1457,surprise
14647,surprise
14691,surprise
14697,surprise
14798,fear
14914,surprise
14927,surprise
14968,surprise
15008,fear
15034,surprise
15037,surprise
15047,surprise
15101,fear
1515,neutral
15179,surprise
15238,surprise
15244,fear
15263,fear
15354,surprise
15378,fear
15383,surprise
15416,happy
15454,surprise
15467,surprise
15486,surprise
15487,surprise
15518,surprise
15524,angry
15527,surprise
15533,surprise
15628,surprise
15635,happy
15788,neutral
15802,surprise
1583,fear
15922,fear
15944,surprise
16110,angry
16133,surprise
16172,surprise
16229,surprise
16237,surprise
16280,surprise
16396,sad
16415,sad
16441,surprise
16507,surprise
16530,surprise
16646,fear
16666,surprise
16721,fear
16756,angry
16774,sad
16829,surprise
16886,surprise
16901,fear
16947,surprise
16959,happy
16980,surprise
16995,neutral
17016,surprise
17019,sad
17027,surprise
17044,neutral
1710,angry
17137,fear
17148,surprise
17157,surprise
17161,surprise
17177,surprise
17205,surprise
17245,happy
17290,surprise
17309,surprise
1735,surprise
17350,happy
17422,fear
17429,sad
17433,fear
1750,surprise
176,surprise
17610,surprise
1764,surprise
17693,surprise
17845,surprise
17906,surprise
17919,surprise
17952,surprise
1800,surprise
18026,surprise
18038,surprise
18132,surprise
18198,surprise
18285,surprise
18313,surprise
18393,surprise
18436,neutral
18521,surprise
18555,surprise
18577,sad
18613,happy
18615,neutral
18619,surprise
18631,surprise
1864,neutral
18678,fear
18706,surprise
18742,surprise
18862,surprise
18864,surprise
19051,surprise
1911,neutral
1914,surprise
19142,surprise
19177,surprise
19187,surprise
19267,surprise
19314,surprise
19362,surprise
19389,neutral
19431,surprise
1945,surprise
1952,surprise
19594,surprise
19601,surprise
19650,surprise
19665,fear
19720,happy
19755,surprise
19795,surprise
1992,surprise
19972,fear
20041,surprise
20146,surprise
20148,surprise
20162,surprise
20167,surprise
20262,surprise
20293,surprise
20369,surprise
20373,surprise
20387,surprise
20407,fear
20467,fear
20573,fear
20584,surprise
20594,sad
20664,sad
20691,surprise
20786,fear
20855,surprise
20882,surprise
2090,surprise
20935,angry
20947,sad
20967,angry
20989,fear
21044,surprise
21072,surprise
21074,surprise
2114,fear
21148,surprise
21151,fear
21153,surprise
21154,surprise
2119,surprise
21217,surprise
21233,fear
21239,surprise
21299,surprise
21417,surprise
2146,sad
21461,surprise
21468,surprise
21545,fear
21570,surprise
21578,surprise
21587,surprise
2168,sad
2173,surprise
21807,surprise
21824,surprise
21834,surprise
21887,angry
21896,happy
21906,surprise
2195,surprise
21973,surprise
21987,surprise
2200,surprise
22019,fear
22025,angry
22128,surprise
22131,surprise
22278,angry
2228,surprise
22305,surprise
22322,angry
2234,surprise
22372,surprise
22497,surprise
22509,fear
22525,fear
22666,surprise
22741,sad
22771,surprise
22864,fear
22921,surprise
23053,surprise
23151,surprise
23155,surprise
23328,surprise
23346,angry
23386,neutral
23413,angry
23433,neutral
23661,surprise
23662,surprise
23739,neutral
23747,surprise
23751,surprise
23885,fear
23893,surprise
23917,happy
23941,neutral
23943,neutral
23949,surprise
24022,fear
24031,neutral
24046,surprise
24050,surprise
24143,surprise
24163,surprise
24167,surprise
24174,surprise
24179,neutral
24201,surprise
24291,happy
24404,sad
24411,surprise
24415,angry
24432,surprise
24433,surprise
2448,happy
24557,surprise
2461,surprise
24646,surprise
24668,surprise
24756,happy
24893,happy
24904,happy
24921,surprise
25010,surprise
25036,surprise
25044,surprise
25107,surprise
25143,surprise
25188,surprise
25229,sad
25234,fear
25280,surprise
2529,surprise
25319,fear
25390,surprise
25397,surprise
25402,surprise
25416,surprise
25492,happy
25539,surprise
25563,surprise
25571,surprise
256,surprise
25610,fear
25636,fear
25674,surprise
25687,sad
25709,surprise
25742,surprise
25781,surprise
25808,disgust
25906,happy
25959,surprise
26076,surprise
26087,surprise
26101,surprise
26102,surprise
26133,surprise
2619,surprise
26243,surprise
2634,fear
26452,surprise
26455,surprise
26483,surprise
26487,surprise
26500,surprise
26556,neutral
26626,happy
26708,angry
26800,neutral
26825,surprise
26907,surprise
26910,surprise
26914,angry
26944,surprise
27025,happy
27039,fear
27070,fear
27125,surprise
27165,fear
27174,surprise
27193,surprise
27240,surprise
27270,surprise
27273,surprise
27321,surprise
27325,surprise
27328,surprise
2744,sad
27566,fear
27577,surprise
2758,surprise
27586,surprise
2759,surprise
276,surprise
27696,surprise
27737,fear
27756,surprise
27774,surprise
27803,surprise
27916,surprise
27919,sad
27926,surprise
27933,surprise
27973,surprise
27979,surprise
2803,angry
28076,surprise
28082,angry
28130,surprise
28182,surprise
28219,neutral
28236,neutral
28287,surprise
28328,surprise
28335,fear
28342,fear
2835,surprise
2837,surprise
28370,happy
28421,surprise
28441,surprise
28448,surprise
28476,surprise
28482,surprise
28501,surprise
28525,happy
28639,fear
28653,surprise
28666,surprise
28667,surprise
28727,surprise
28803,angry
2886,neutral
28864,surprise
28901,surprise
29038,neutral
29110,surprise
29118,surprise
29164,surprise
29205,surprise
29225,surprise
29276,surprise
29283,sad
29354,happy
2949,happy
29515,surprise
29516,fear
29537,surprise
29540,surprise
29542,sad
29551,neutral
29557,angry
2956,surprise
29568,surprise
29618,surprise
29619,fear
29677,happy
29690,surprise
29796,surprise
29797,happy
29803,angry
29884,fear
29954,surprise
3002,surprise
30173,fear
30174,fear
30184,surprise
30190,surprise
30336,fear
30537,surprise
30620,surprise
30625,surprise
30628,surprise
30714,surprise
30726,surprise
30811,surprise
3084,happy
30943,surprise
30989,surprise
31005,surprise
31054,surprise
31097,surprise
31102,surprise
31194,fear
31198,surprise
31206,surprise
31223,surprise
31353,surprise
31364,fear
31533,surprise
31563,surprise
3157,surprise
31631,happy
31662,surprise
31775,surprise
31781,surprise
31784,surprise
31799,surprise
31814,surprise
31826,surprise
31872,surprise
31882,happy
31899,surprise
31953,surprise
31961,surprise
32069,fear
32132,surprise
32165,surprise
32179,surprise
3223,surprise
3224,angry
32243,surprise
32308,surprise
32315,surprise
32324,fear
32334,happy
32365,surprise
32395,surprise
32405,surprise
32420,surprise
32432,surprise
32510,surprise
32530,happy
32630,surprise
32695,fear
32727,neutral
32734,surprise
32753,surprise
32756,fear
32894,surprise
32968,neutral
32979,surprise
330,surprise
33039,surprise
33055,surprise
33072,surprise
33079,surprise
33147,surprise
33180,neutral
33290,surprise
33316,surprise
33329,surprise
33364,surprise
33376,surprise
33378,surprise
33405,fear
33411,surprise
3354,surprise
336,surprise
33667,surprise
33677,sad
33745,surprise
33759,surprise
33789,surprise
33800,sad
33879,surprise
3392,surprise
33993,surprise
33997,surprise
34004,angry
34034,surprise
34039,surprise
34072,fear
34087,surprise
34134,sad
34162,surprise
34212,surprise
3423,surprise
34237,surprise
34252,fear
34288,fear
34385,surprise
34400,surprise
34416,surprise
34439,surprise
3445,surprise
34546,surprise
34557,surprise
34664,surprise
34674,surprise
34722,surprise
34787,surprise
34813,surprise
34844,surprise
34904,surprise
34926,surprise
34984,surprise
34986,surprise
35049,surprise
35063,surprise
35083,surprise
35084,neutral
35118,surprise
35121,surprise
35144,surprise
35154,surprise
35156,neutral
35194,surprise
35201,surprise
35212,surprise
35237,surprise
35276,surprise
35355,surprise
35384,surprise
35387,surprise
35399,neutral
35511,surprise
35524,surprise
35530,surprise
35608,fear
35644,happy
35684,surprise
35688,surprise
35757,surprise
35790,surprise
35823,neutral
35833,surprise
35857,surprise
35872,neutral
3603,surprise
3607,surprise
3635,surprise
3675,surprise
3691,surprise
3756,fear
3765,surprise
3858,surprise
3874,angry
3878,surprise
3925,surprise
4036,surprise
4072,fear
4076,surprise
4080,surprise
4086,surprise
413,surprise
4199,surprise
4243,surprise
4289,surprise
4347,surprise
435,surprise
4352,fear
438,surprise
4390,fear
4431,surprise
4486,surprise
4513,surprise
4536,surprise
4570,happy
4621,surprise
4636,surprise
4657,happy
4685,surprise
4698,surprise
4793,fear
4895,surprise
4912,neutral
5037,surprise
5077,surprise
51,neutral
5138,surprise
5178,surprise
518,surprise
5310,surprise
5375,surprise
5419,fear
5450,happy
5513,surprise
5530,surprise
5595,surprise
5636,surprise
5664,surprise
5706,fear
5771,surprise
5778,sad
5855,fear
5893,surprise
5938,surprise
5943,surprise
5997,surprise
6046,happy
6050,surprise
6167,surprise
6184,angry
6216,surprise
6219,surprise
6247,surprise
6309,surprise
6360,surprise
6410,surprise
6415,fear
6425,surprise
6427,surprise
647,fear
6518,surprise
6598,surprise
6647,surprise
670,surprise
6711,happy
6716,fear
675,surprise
6797,angry
6877,sad
692,surprise
6966,surprise
7024,surprise
7032,happy
7153,surprise
7203,surprise
7211,surprise
726,angry
7459,surprise
7512,angry
7562,surprise
7582,surprise
759,surprise
7626,surprise
7761,surprise
7774,happy
78,surprise
783,fear
7865,surprise
7874,surprise
788,surprise
7926,surprise
7957,surprise
8016,neutral
8021,fear
8042,surprise
8063,surprise
8115,surprise
8137,surprise
8143,surprise
8173,surprise
8240,surprise
8309,happy
8329,surprise
8404,surprise
8421,surprise
843,fear
8439,fear
8478,happy
8489,surprise
867,fear
8736,surprise
8837,surprise
8928,surprise
8973,surprise
9017,surprise
9021,surprise
9118,surprise
9141,surprise
9162,surprise
9309,surprise
9367,surprise
9380,fear
9450,angry
9467,surprise
947,surprise
9499,surprise
9541,surprise
9546,fear
9560,fear
9630,surprise
9644,neutral
9681,surprise
9776,surprise
9786,happy
9806,surprise
9830,surprise
9853,surprise
9878,happy
993,fear
